Dataset,Familia,Modelo,Tamaño,Semilla,Serializacion,Estrategia,Shots,Tiempo carga (s),Tiempo seleccion (s),Tiempo inferencia (s),Accuracy,Precision,Recall,F1-score,Muestras,Invalidas
Heart,Qwen,Qwen/Qwen2.5-7B-Instruct,Small,27182,List,Few-shot-rag,1,4.13,0.0,0.3232,0.5111,0.3729,0.7586,0.5,90,0
Heart,Qwen,Qwen/Qwen2.5-7B-Instruct,Small,11235,List,Few-shot-rag,1,4.13,0.0,0.3172,0.6444,0.4694,0.7931,0.5897,90,0
Heart,Qwen,Qwen/Qwen2.5-7B-Instruct,Small,16180,List,Few-shot-rag,1,4.13,0.0,0.3172,0.5111,0.377,0.7931,0.5111,90,0
Heart,Qwen,Qwen/Qwen2.5-7B-Instruct,Small,27182,List,Few-shot-rag,2,4.13,0.0,0.3448,0.5889,0.4231,0.7586,0.5432,90,0
Heart,Qwen,Qwen/Qwen2.5-7B-Instruct,Small,11235,List,Few-shot-rag,2,4.13,0.0,0.3456,0.6444,0.4681,0.7586,0.5789,90,0
Heart,Qwen,Qwen/Qwen2.5-7B-Instruct,Small,16180,List,Few-shot-rag,2,4.13,0.0,0.3442,0.6222,0.4545,0.8621,0.5952,90,0
Heart,Qwen,Qwen/Qwen2.5-7B-Instruct,Small,27182,List,Few-shot-rag,4,4.13,0.0,0.424,0.6778,0.5,0.7241,0.5915,90,0
Heart,Qwen,Qwen/Qwen2.5-7B-Instruct,Small,11235,List,Few-shot-rag,4,4.13,0.0,0.4241,0.6889,0.5098,0.8966,0.65,90,0
Heart,Qwen,Qwen/Qwen2.5-7B-Instruct,Small,16180,List,Few-shot-rag,4,4.13,0.0,0.4243,0.6222,0.4528,0.8276,0.5854,90,0
Heart,Qwen,Qwen/Qwen2.5-7B-Instruct,Small,27182,List,Few-shot-rag,8,4.13,0.0,0.5689,0.6556,0.4762,0.6897,0.5634,90,0
Heart,Qwen,Qwen/Qwen2.5-7B-Instruct,Small,11235,List,Few-shot-rag,8,4.13,0.0,0.5686,0.7111,0.5333,0.8276,0.6486,90,0
Heart,Qwen,Qwen/Qwen2.5-7B-Instruct,Small,16180,List,Few-shot-rag,8,4.13,0.0,0.569,0.6556,0.4792,0.7931,0.5974,90,0
Heart,Qwen,Qwen/Qwen2.5-7B-Instruct,Small,27182,Text,Few-shot-rag,1,4.13,0.0,0.3178,0.5556,0.4,0.7586,0.5238,90,0
Heart,Qwen,Qwen/Qwen2.5-7B-Instruct,Small,11235,Text,Few-shot-rag,1,4.13,0.0,0.3173,0.6111,0.4444,0.8276,0.5783,90,0
Heart,Qwen,Qwen/Qwen2.5-7B-Instruct,Small,16180,Text,Few-shot-rag,1,4.13,0.0,0.3174,0.5333,0.386,0.7586,0.5116,90,0
Heart,Qwen,Qwen/Qwen2.5-7B-Instruct,Small,27182,Text,Few-shot-rag,2,4.13,0.0,0.3449,0.6,0.4314,0.7586,0.55,90,0
Heart,Qwen,Qwen/Qwen2.5-7B-Instruct,Small,11235,Text,Few-shot-rag,2,4.13,0.0,0.3449,0.6667,0.4909,0.931,0.6429,90,0
Heart,Qwen,Qwen/Qwen2.5-7B-Instruct,Small,16180,Text,Few-shot-rag,2,4.13,0.0,0.3451,0.5778,0.4151,0.7586,0.5366,90,0
Heart,Qwen,Qwen/Qwen2.5-7B-Instruct,Small,27182,Text,Few-shot-rag,4,4.13,0.0,0.4239,0.6556,0.4792,0.7931,0.5974,90,0
Heart,Qwen,Qwen/Qwen2.5-7B-Instruct,Small,11235,Text,Few-shot-rag,4,4.13,0.0,0.424,0.6889,0.5102,0.8621,0.641,90,0
Heart,Qwen,Qwen/Qwen2.5-7B-Instruct,Small,16180,Text,Few-shot-rag,4,4.13,0.0,0.4241,0.5667,0.4074,0.7586,0.5301,90,0
Heart,Qwen,Qwen/Qwen2.5-7B-Instruct,Small,27182,Text,Few-shot-rag,8,4.13,0.0,0.569,0.6889,0.5116,0.7586,0.6111,90,0
Heart,Qwen,Qwen/Qwen2.5-7B-Instruct,Small,11235,Text,Few-shot-rag,8,4.13,0.0,0.5683,0.7,0.5227,0.7931,0.6301,90,0
Heart,Qwen,Qwen/Qwen2.5-7B-Instruct,Small,16180,Text,Few-shot-rag,8,4.13,0.0,0.5689,0.6111,0.4423,0.7931,0.5679,90,0
Heart,Qwen,Qwen/Qwen2.5-14B-Instruct,Medium,27182,List,Few-shot-rag,1,5.85,0.0,0.6386,0.6889,0.5122,0.7241,0.6,90,0
Heart,Qwen,Qwen/Qwen2.5-14B-Instruct,Medium,11235,List,Few-shot-rag,1,5.85,0.0,0.6242,0.7333,0.5676,0.7241,0.6364,90,0
Heart,Qwen,Qwen/Qwen2.5-14B-Instruct,Medium,16180,List,Few-shot-rag,1,5.85,0.0,0.6322,0.6667,0.4894,0.7931,0.6053,90,0
Heart,Qwen,Qwen/Qwen2.5-14B-Instruct,Medium,27182,List,Few-shot-rag,2,5.85,0.0,0.7374,0.7111,0.5484,0.5862,0.5667,90,0
Heart,Qwen,Qwen/Qwen2.5-14B-Instruct,Medium,11235,List,Few-shot-rag,2,5.85,0.0,0.7332,0.7222,0.5588,0.6552,0.6032,90,0
Heart,Qwen,Qwen/Qwen2.5-14B-Instruct,Medium,16180,List,Few-shot-rag,2,5.85,0.0,0.7413,0.7111,0.5349,0.7931,0.6389,90,0
Heart,Qwen,Qwen/Qwen2.5-14B-Instruct,Medium,27182,List,Few-shot-rag,4,5.85,0.0,0.8872,0.7778,0.6452,0.6897,0.6667,90,0
Heart,Qwen,Qwen/Qwen2.5-14B-Instruct,Medium,11235,List,Few-shot-rag,4,5.85,0.0,0.8685,0.7444,0.5882,0.6897,0.6349,90,0
Heart,Qwen,Qwen/Qwen2.5-14B-Instruct,Medium,16180,List,Few-shot-rag,4,5.85,0.0,0.8766,0.6889,0.5128,0.6897,0.5882,90,0
Heart,Qwen,Qwen/Qwen2.5-14B-Instruct,Medium,27182,List,Few-shot-rag,8,5.85,0.0,1.2152,0.7111,0.5484,0.5862,0.5667,90,0
Heart,Qwen,Qwen/Qwen2.5-14B-Instruct,Medium,11235,List,Few-shot-rag,8,5.85,0.0,1.2249,0.8111,0.7,0.7241,0.7119,90,0
Heart,Qwen,Qwen/Qwen2.5-14B-Instruct,Medium,16180,List,Few-shot-rag,8,5.85,0.0,1.2212,0.7667,0.6053,0.7931,0.6866,90,0
Heart,Qwen,Qwen/Qwen2.5-14B-Instruct,Medium,27182,Text,Few-shot-rag,1,5.85,0.0,0.608,0.6333,0.4583,0.7586,0.5714,90,0
Heart,Qwen,Qwen/Qwen2.5-14B-Instruct,Medium,11235,Text,Few-shot-rag,1,5.85,0.0,0.6158,0.6778,0.5,0.7931,0.6133,90,0
Heart,Qwen,Qwen/Qwen2.5-14B-Instruct,Medium,16180,Text,Few-shot-rag,1,5.85,0.0,0.6119,0.6333,0.463,0.8621,0.6024,90,0
Heart,Qwen,Qwen/Qwen2.5-14B-Instruct,Medium,27182,Text,Few-shot-rag,2,5.85,0.0,0.7189,0.7,0.5278,0.6552,0.5846,90,0
Heart,Qwen,Qwen/Qwen2.5-14B-Instruct,Medium,11235,Text,Few-shot-rag,2,5.85,0.0,0.723,0.7444,0.5833,0.7241,0.6462,90,0
Heart,Qwen,Qwen/Qwen2.5-14B-Instruct,Medium,16180,Text,Few-shot-rag,2,5.85,0.0,0.7251,0.7,0.5238,0.7586,0.6197,90,0
Heart,Qwen,Qwen/Qwen2.5-14B-Instruct,Medium,27182,Text,Few-shot-rag,4,5.85,0.0,0.8886,0.7222,0.5588,0.6552,0.6032,90,0
Heart,Qwen,Qwen/Qwen2.5-14B-Instruct,Medium,11235,Text,Few-shot-rag,4,5.85,0.0,0.8881,0.7,0.5333,0.5517,0.5424,90,0
Heart,Qwen,Qwen/Qwen2.5-14B-Instruct,Medium,16180,Text,Few-shot-rag,4,5.85,0.0,0.8989,0.7222,0.55,0.7586,0.6377,90,0
Heart,Qwen,Qwen/Qwen2.5-14B-Instruct,Medium,27182,Text,Few-shot-rag,8,5.85,0.0,1.23,0.7667,0.6111,0.7586,0.6769,90,0
Heart,Qwen,Qwen/Qwen2.5-14B-Instruct,Medium,11235,Text,Few-shot-rag,8,5.85,0.0,1.2333,0.7111,0.5517,0.5517,0.5517,90,0
Heart,Qwen,Qwen/Qwen2.5-14B-Instruct,Medium,16180,Text,Few-shot-rag,8,5.85,0.0,1.2341,0.7333,0.5676,0.7241,0.6364,90,0
Heart,Qwen,Qwen/Qwen2.5-72B-Instruct,Large,27182,List,Few-shot-rag,1,16.85,0.0,2.812,0.7778,0.6552,0.6552,0.6552,90,0
Heart,Qwen,Qwen/Qwen2.5-72B-Instruct,Large,11235,List,Few-shot-rag,1,16.85,0.0,2.8114,0.7222,0.5714,0.5517,0.5614,90,0
Heart,Qwen,Qwen/Qwen2.5-72B-Instruct,Large,16180,List,Few-shot-rag,1,16.85,0.0,2.8125,0.7111,0.5429,0.6552,0.5938,90,0
Heart,Qwen,Qwen/Qwen2.5-72B-Instruct,Large,27182,List,Few-shot-rag,2,16.85,0.0,3.1551,0.8333,0.85,0.5862,0.6939,90,0
Heart,Qwen,Qwen/Qwen2.5-72B-Instruct,Large,11235,List,Few-shot-rag,2,16.85,0.0,3.1551,0.7889,0.7273,0.5517,0.6275,90,0
Heart,Qwen,Qwen/Qwen2.5-72B-Instruct,Large,16180,List,Few-shot-rag,2,16.85,0.0,3.1541,0.7333,0.5806,0.6207,0.6,90,0
Heart,Qwen,Qwen/Qwen2.5-72B-Instruct,Large,27182,List,Few-shot-rag,4,16.85,0.0,3.6801,0.7889,0.75,0.5172,0.6122,90,0
Heart,Qwen,Qwen/Qwen2.5-72B-Instruct,Large,11235,List,Few-shot-rag,4,16.85,0.0,3.6791,0.7778,0.6957,0.5517,0.6154,90,0
Heart,Qwen,Qwen/Qwen2.5-72B-Instruct,Large,16180,List,Few-shot-rag,4,16.85,0.0,3.6793,0.7667,0.6429,0.6207,0.6316,90,0
Heart,Qwen,Qwen/Qwen2.5-72B-Instruct,Large,27182,List,Few-shot-rag,8,16.85,0.0,4.963,0.7667,0.6818,0.5172,0.5882,90,0
Heart,Qwen,Qwen/Qwen2.5-72B-Instruct,Large,11235,List,Few-shot-rag,8,16.85,0.0,4.9587,0.7889,0.7273,0.5517,0.6275,90,0
Heart,Qwen,Qwen/Qwen2.5-72B-Instruct,Large,16180,List,Few-shot-rag,8,16.85,0.0,4.9617,0.7556,0.6129,0.6552,0.6333,90,0
Heart,Qwen,Qwen/Qwen2.5-72B-Instruct,Large,27182,Text,Few-shot-rag,1,16.85,0.0,2.8106,0.7,0.5294,0.6207,0.5714,90,0
Heart,Qwen,Qwen/Qwen2.5-72B-Instruct,Large,11235,Text,Few-shot-rag,1,16.85,0.0,2.811,0.7111,0.5455,0.6207,0.5806,90,0
Heart,Qwen,Qwen/Qwen2.5-72B-Instruct,Large,16180,Text,Few-shot-rag,1,16.85,0.0,2.8106,0.7333,0.5714,0.6897,0.625,90,0
Heart,Qwen,Qwen/Qwen2.5-72B-Instruct,Large,27182,Text,Few-shot-rag,2,16.85,0.0,3.1541,0.7778,0.6552,0.6552,0.6552,90,0
Heart,Qwen,Qwen/Qwen2.5-72B-Instruct,Large,11235,Text,Few-shot-rag,2,16.85,0.0,3.1532,0.7444,0.6,0.6207,0.6102,90,0
Heart,Qwen,Qwen/Qwen2.5-72B-Instruct,Large,16180,Text,Few-shot-rag,2,16.85,0.0,3.1534,0.7333,0.5714,0.6897,0.625,90,0
Heart,Qwen,Qwen/Qwen2.5-72B-Instruct,Large,27182,Text,Few-shot-rag,4,16.85,0.0,3.6796,0.7556,0.6667,0.4828,0.56,90,0
Heart,Qwen,Qwen/Qwen2.5-72B-Instruct,Large,11235,Text,Few-shot-rag,4,16.85,0.0,3.6787,0.7667,0.6818,0.5172,0.5882,90,0
Heart,Qwen,Qwen/Qwen2.5-72B-Instruct,Large,16180,Text,Few-shot-rag,4,16.85,0.0,3.6798,0.7111,0.5517,0.5517,0.5517,90,0
Heart,Qwen,Qwen/Qwen2.5-72B-Instruct,Large,27182,Text,Few-shot-rag,8,16.85,0.0,4.9581,0.7667,0.6818,0.5172,0.5882,90,0
Heart,Qwen,Qwen/Qwen2.5-72B-Instruct,Large,11235,Text,Few-shot-rag,8,16.85,0.0,4.9542,0.7333,0.6087,0.4828,0.5385,90,0
Heart,Qwen,Qwen/Qwen2.5-72B-Instruct,Large,16180,Text,Few-shot-rag,8,16.85,0.0,4.9566,0.7556,0.6061,0.6897,0.6452,90,0
Cancer,Qwen,Qwen/Qwen2.5-7B-Instruct,Small,27182,List,Few-shot-rag,1,3.91,0.0,0.3589,0.5714,0.6111,0.5789,0.5946,35,0
Cancer,Qwen,Qwen/Qwen2.5-7B-Instruct,Small,11235,List,Few-shot-rag,1,3.91,0.0,0.3578,0.4857,0.5385,0.3684,0.4375,35,0
Cancer,Qwen,Qwen/Qwen2.5-7B-Instruct,Small,16180,List,Few-shot-rag,1,3.91,0.0,0.3584,0.5429,0.7143,0.2632,0.3846,35,0
Cancer,Qwen,Qwen/Qwen2.5-7B-Instruct,Small,27182,List,Few-shot-rag,2,3.91,0.0,0.3886,0.6,0.6316,0.6316,0.6316,35,0
Cancer,Qwen,Qwen/Qwen2.5-7B-Instruct,Small,11235,List,Few-shot-rag,2,3.91,0.0,0.3897,0.5714,0.625,0.5263,0.5714,35,0
Cancer,Qwen,Qwen/Qwen2.5-7B-Instruct,Small,16180,List,Few-shot-rag,2,3.91,0.0,0.3892,0.5429,0.6154,0.4211,0.5,35,0
Cancer,Qwen,Qwen/Qwen2.5-7B-Instruct,Small,27182,List,Few-shot-rag,4,3.91,0.0,0.4706,0.6286,0.625,0.7895,0.6977,35,0
Cancer,Qwen,Qwen/Qwen2.5-7B-Instruct,Small,11235,List,Few-shot-rag,4,3.91,0.0,0.4712,0.7143,0.6957,0.8421,0.7619,35,0
Cancer,Qwen,Qwen/Qwen2.5-7B-Instruct,Small,16180,List,Few-shot-rag,4,3.91,0.0,0.4704,0.6571,0.6522,0.7895,0.7143,35,0
Cancer,Qwen,Qwen/Qwen2.5-7B-Instruct,Small,27182,List,Few-shot-rag,8,3.91,0.0,0.6288,0.6857,0.6667,0.8421,0.7442,35,0
Cancer,Qwen,Qwen/Qwen2.5-7B-Instruct,Small,11235,List,Few-shot-rag,8,3.91,0.0,0.632,0.6857,0.6818,0.7895,0.7317,35,0
Cancer,Qwen,Qwen/Qwen2.5-7B-Instruct,Small,16180,List,Few-shot-rag,8,3.91,0.0,0.6319,0.6571,0.64,0.8421,0.7273,35,0
Cancer,Qwen,Qwen/Qwen2.5-7B-Instruct,Small,27182,Text,Few-shot-rag,1,3.91,0.0,0.3585,0.6286,0.6364,0.7368,0.6829,35,0
Cancer,Qwen,Qwen/Qwen2.5-7B-Instruct,Small,11235,Text,Few-shot-rag,1,3.91,0.0,0.3587,0.6286,0.7143,0.5263,0.6061,35,0
Cancer,Qwen,Qwen/Qwen2.5-7B-Instruct,Small,16180,Text,Few-shot-rag,1,3.91,0.0,0.3582,0.5143,0.5714,0.4211,0.4848,35,0
Cancer,Qwen,Qwen/Qwen2.5-7B-Instruct,Small,27182,Text,Few-shot-rag,2,3.91,0.0,0.3863,0.5429,0.56,0.7368,0.6364,35,0
Cancer,Qwen,Qwen/Qwen2.5-7B-Instruct,Small,11235,Text,Few-shot-rag,2,3.91,0.0,0.3864,0.5714,0.6429,0.4737,0.5455,35,0
Cancer,Qwen,Qwen/Qwen2.5-7B-Instruct,Small,16180,Text,Few-shot-rag,2,3.91,0.0,0.3862,0.6286,0.65,0.6842,0.6667,35,0
Cancer,Qwen,Qwen/Qwen2.5-7B-Instruct,Small,27182,Text,Few-shot-rag,4,3.91,0.0,0.4617,0.6857,0.6538,0.8947,0.7556,35,0
Cancer,Qwen,Qwen/Qwen2.5-7B-Instruct,Small,11235,Text,Few-shot-rag,4,3.91,0.0,0.4618,0.6857,0.7,0.7368,0.7179,35,0
Cancer,Qwen,Qwen/Qwen2.5-7B-Instruct,Small,16180,Text,Few-shot-rag,4,3.91,0.0,0.462,0.6,0.6316,0.6316,0.6316,35,0
Cancer,Qwen,Qwen/Qwen2.5-7B-Instruct,Small,27182,Text,Few-shot-rag,8,3.91,0.0,0.6198,0.6571,0.64,0.8421,0.7273,35,0
Cancer,Qwen,Qwen/Qwen2.5-7B-Instruct,Small,11235,Text,Few-shot-rag,8,3.91,0.0,0.6202,0.6571,0.6667,0.7368,0.7,35,0
Cancer,Qwen,Qwen/Qwen2.5-7B-Instruct,Small,16180,Text,Few-shot-rag,8,3.91,0.0,0.6205,0.6,0.619,0.6842,0.65,35,0
Cancer,Qwen,Qwen/Qwen2.5-14B-Instruct,Medium,27182,List,Few-shot-rag,1,6.06,0.0,0.6828,0.5429,0.5882,0.5263,0.5556,35,0
Cancer,Qwen,Qwen/Qwen2.5-14B-Instruct,Medium,11235,List,Few-shot-rag,1,6.06,0.0,0.6829,0.5429,0.6,0.4737,0.5294,35,0
Cancer,Qwen,Qwen/Qwen2.5-14B-Instruct,Medium,16180,List,Few-shot-rag,1,6.06,0.0,0.683,0.6,0.6923,0.4737,0.5625,35,0
Cancer,Qwen,Qwen/Qwen2.5-14B-Instruct,Medium,27182,List,Few-shot-rag,2,6.06,0.0,0.7683,0.6,0.6316,0.6316,0.6316,35,0
Cancer,Qwen,Qwen/Qwen2.5-14B-Instruct,Medium,11235,List,Few-shot-rag,2,6.06,0.0,0.7687,0.6,0.6316,0.6316,0.6316,35,0
Cancer,Qwen,Qwen/Qwen2.5-14B-Instruct,Medium,16180,List,Few-shot-rag,2,6.06,0.0,0.7687,0.6286,0.7143,0.5263,0.6061,35,0
Cancer,Qwen,Qwen/Qwen2.5-14B-Instruct,Medium,27182,List,Few-shot-rag,4,6.06,0.0,0.9299,0.6286,0.625,0.7895,0.6977,35,0
Cancer,Qwen,Qwen/Qwen2.5-14B-Instruct,Medium,11235,List,Few-shot-rag,4,6.06,0.0,0.9366,0.7143,0.7143,0.7895,0.75,35,0
Cancer,Qwen,Qwen/Qwen2.5-14B-Instruct,Medium,16180,List,Few-shot-rag,4,6.06,0.0,0.9366,0.6571,0.6842,0.6842,0.6842,35,0
Cancer,Qwen,Qwen/Qwen2.5-14B-Instruct,Medium,27182,List,Few-shot-rag,8,6.06,0.0,1.2574,0.6571,0.64,0.8421,0.7273,35,0
Cancer,Qwen,Qwen/Qwen2.5-14B-Instruct,Medium,11235,List,Few-shot-rag,8,6.06,0.0,1.2643,0.6857,0.6818,0.7895,0.7317,35,0
Cancer,Qwen,Qwen/Qwen2.5-14B-Instruct,Medium,16180,List,Few-shot-rag,8,6.06,0.0,1.2632,0.6286,0.625,0.7895,0.6977,35,0
Cancer,Qwen,Qwen/Qwen2.5-14B-Instruct,Medium,27182,Text,Few-shot-rag,1,6.06,0.0,0.6813,0.5714,0.6,0.6316,0.6154,35,0
Cancer,Qwen,Qwen/Qwen2.5-14B-Instruct,Medium,11235,Text,Few-shot-rag,1,6.06,0.0,0.6819,0.7143,0.7368,0.7368,0.7368,35,0
Cancer,Qwen,Qwen/Qwen2.5-14B-Instruct,Medium,16180,Text,Few-shot-rag,1,6.06,0.0,0.6814,0.6571,0.6842,0.6842,0.6842,35,0
Cancer,Qwen,Qwen/Qwen2.5-14B-Instruct,Medium,27182,Text,Few-shot-rag,2,6.06,0.0,0.7653,0.6286,0.65,0.6842,0.6667,35,0
Cancer,Qwen,Qwen/Qwen2.5-14B-Instruct,Medium,11235,Text,Few-shot-rag,2,6.06,0.0,0.7644,0.6286,0.65,0.6842,0.6667,35,0
Cancer,Qwen,Qwen/Qwen2.5-14B-Instruct,Medium,16180,Text,Few-shot-rag,2,6.06,0.0,0.7653,0.6286,0.65,0.6842,0.6667,35,0
Cancer,Qwen,Qwen/Qwen2.5-14B-Instruct,Medium,27182,Text,Few-shot-rag,4,6.06,0.0,0.9615,0.5714,0.5909,0.6842,0.6341,35,0
Cancer,Qwen,Qwen/Qwen2.5-14B-Instruct,Medium,11235,Text,Few-shot-rag,4,6.06,0.0,0.9558,0.6571,0.6667,0.7368,0.7,35,0
Cancer,Qwen,Qwen/Qwen2.5-14B-Instruct,Medium,16180,Text,Few-shot-rag,4,6.06,0.0,0.9399,0.7143,0.6957,0.8421,0.7619,35,0
Cancer,Qwen,Qwen/Qwen2.5-14B-Instruct,Medium,27182,Text,Few-shot-rag,8,6.06,0.0,1.2332,0.6286,0.625,0.7895,0.6977,35,0
Cancer,Qwen,Qwen/Qwen2.5-14B-Instruct,Medium,11235,Text,Few-shot-rag,8,6.06,0.0,1.2346,0.6286,0.6364,0.7368,0.6829,35,0
Cancer,Qwen,Qwen/Qwen2.5-14B-Instruct,Medium,16180,Text,Few-shot-rag,8,6.06,0.0,1.234,0.6857,0.6667,0.8421,0.7442,35,0
Cancer,Qwen,Qwen/Qwen2.5-72B-Instruct,Large,27182,List,Few-shot-rag,1,16.84,0.0,3.1518,0.5143,0.5455,0.6316,0.5854,35,0
Cancer,Qwen,Qwen/Qwen2.5-72B-Instruct,Large,11235,List,Few-shot-rag,1,16.84,0.0,3.153,0.5429,0.5714,0.6316,0.6,35,0
Cancer,Qwen,Qwen/Qwen2.5-72B-Instruct,Large,16180,List,Few-shot-rag,1,16.84,0.0,3.1524,0.6571,0.6842,0.6842,0.6842,35,0
Cancer,Qwen,Qwen/Qwen2.5-72B-Instruct,Large,27182,List,Few-shot-rag,2,16.84,0.0,3.3606,0.6286,0.65,0.6842,0.6667,35,0
Cancer,Qwen,Qwen/Qwen2.5-72B-Instruct,Large,11235,List,Few-shot-rag,2,16.84,0.0,3.3703,0.6286,0.6364,0.7368,0.6829,35,0
Cancer,Qwen,Qwen/Qwen2.5-72B-Instruct,Large,16180,List,Few-shot-rag,2,16.84,0.0,3.3666,0.6571,0.7059,0.6316,0.6667,35,0
Cancer,Qwen,Qwen/Qwen2.5-72B-Instruct,Large,27182,List,Few-shot-rag,4,16.84,0.0,4.1559,0.6286,0.6364,0.7368,0.6829,35,0
Cancer,Qwen,Qwen/Qwen2.5-72B-Instruct,Large,11235,List,Few-shot-rag,4,16.84,0.0,4.1601,0.6286,0.6364,0.7368,0.6829,35,0
Cancer,Qwen,Qwen/Qwen2.5-72B-Instruct,Large,16180,List,Few-shot-rag,4,16.84,0.0,4.1604,0.6571,0.6842,0.6842,0.6842,35,0
Cancer,Qwen,Qwen/Qwen2.5-72B-Instruct,Large,27182,List,Few-shot-rag,8,16.84,0.0,5.484,0.6571,0.6522,0.7895,0.7143,35,0
Cancer,Qwen,Qwen/Qwen2.5-72B-Instruct,Large,11235,List,Few-shot-rag,8,16.84,0.0001,5.5259,0.6571,0.6667,0.7368,0.7,35,0
Cancer,Qwen,Qwen/Qwen2.5-72B-Instruct,Large,16180,List,Few-shot-rag,8,16.84,0.0,5.5211,0.6286,0.625,0.7895,0.6977,35,0
Cancer,Qwen,Qwen/Qwen2.5-72B-Instruct,Large,27182,Text,Few-shot-rag,1,16.84,0.0,3.1487,0.6,0.619,0.6842,0.65,35,0
Cancer,Qwen,Qwen/Qwen2.5-72B-Instruct,Large,11235,Text,Few-shot-rag,1,16.84,0.0,3.1479,0.6571,0.6842,0.6842,0.6842,35,0
Cancer,Qwen,Qwen/Qwen2.5-72B-Instruct,Large,16180,Text,Few-shot-rag,1,16.84,0.0,3.1477,0.6857,0.7222,0.6842,0.7027,35,0
Cancer,Qwen,Qwen/Qwen2.5-72B-Instruct,Large,27182,Text,Few-shot-rag,2,16.84,0.0,3.3387,0.5429,0.5652,0.6842,0.619,35,0
Cancer,Qwen,Qwen/Qwen2.5-72B-Instruct,Large,11235,Text,Few-shot-rag,2,16.84,0.0,3.3373,0.7143,0.6957,0.8421,0.7619,35,0
Cancer,Qwen,Qwen/Qwen2.5-72B-Instruct,Large,16180,Text,Few-shot-rag,2,16.84,0.0,3.3388,0.7143,0.7143,0.7895,0.75,35,0
Cancer,Qwen,Qwen/Qwen2.5-72B-Instruct,Large,27182,Text,Few-shot-rag,4,16.84,0.0,3.9813,0.4857,0.5238,0.5789,0.55,35,0
Cancer,Qwen,Qwen/Qwen2.5-72B-Instruct,Large,11235,Text,Few-shot-rag,4,16.84,0.0,3.9795,0.7143,0.6957,0.8421,0.7619,35,0
Cancer,Qwen,Qwen/Qwen2.5-72B-Instruct,Large,16180,Text,Few-shot-rag,4,16.84,0.0,3.9798,0.7143,0.6957,0.8421,0.7619,35,0
Cancer,Qwen,Qwen/Qwen2.5-72B-Instruct,Large,27182,Text,Few-shot-rag,8,16.84,0.0001,5.3805,0.6,0.6087,0.7368,0.6667,35,0
Cancer,Qwen,Qwen/Qwen2.5-72B-Instruct,Large,11235,Text,Few-shot-rag,8,16.84,0.0,5.3813,0.6857,0.7,0.7368,0.7179,35,0
Cancer,Qwen,Qwen/Qwen2.5-72B-Instruct,Large,16180,Text,Few-shot-rag,8,16.84,0.0,5.3826,0.6571,0.6667,0.7368,0.7,35,0
DIA,Qwen,Qwen/Qwen2.5-7B-Instruct,Small,27182,List,Few-shot-rag,1,3.86,0.0,0.463,0.6556,0.5,0.6452,0.5634,90,0
DIA,Qwen,Qwen/Qwen2.5-7B-Instruct,Small,11235,List,Few-shot-rag,1,3.86,0.0,0.4631,0.6333,0.4878,0.625,0.5479,90,0
DIA,Qwen,Qwen/Qwen2.5-7B-Instruct,Small,16180,List,Few-shot-rag,1,3.86,0.0,0.4634,0.6222,0.4737,0.5625,0.5143,90,0
DIA,Qwen,Qwen/Qwen2.5-7B-Instruct,Small,27182,List,Few-shot-rag,2,3.86,0.0,0.5286,0.6222,0.4667,0.6774,0.5526,90,0
DIA,Qwen,Qwen/Qwen2.5-7B-Instruct,Small,11235,List,Few-shot-rag,2,3.86,0.0,0.5276,0.6556,0.5122,0.6562,0.5753,90,0
DIA,Qwen,Qwen/Qwen2.5-7B-Instruct,Small,16180,List,Few-shot-rag,2,3.86,0.0,0.5288,0.6667,0.5263,0.625,0.5714,90,0
DIA,Qwen,Qwen/Qwen2.5-7B-Instruct,Small,27182,List,Few-shot-rag,4,3.86,0.0,0.6715,0.6111,0.46,0.7419,0.5679,90,0
DIA,Qwen,Qwen/Qwen2.5-7B-Instruct,Small,11235,List,Few-shot-rag,4,3.86,0.0,0.6701,0.6556,0.5111,0.7188,0.5974,90,0
DIA,Qwen,Qwen/Qwen2.5-7B-Instruct,Small,16180,List,Few-shot-rag,4,3.86,0.0,0.6715,0.6333,0.4898,0.75,0.5926,90,0
DIA,Qwen,Qwen/Qwen2.5-7B-Instruct,Small,27182,List,Few-shot-rag,8,3.86,0.0,0.9394,0.5778,0.4364,0.7742,0.5581,90,0
DIA,Qwen,Qwen/Qwen2.5-7B-Instruct,Small,11235,List,Few-shot-rag,8,3.86,0.0,0.936,0.6111,0.4717,0.7812,0.5882,90,0
DIA,Qwen,Qwen/Qwen2.5-7B-Instruct,Small,16180,List,Few-shot-rag,8,3.86,0.0,0.9381,0.6,0.4583,0.6875,0.55,90,0
DIA,Qwen,Qwen/Qwen2.5-7B-Instruct,Small,27182,Text,Few-shot-rag,1,3.86,0.0,0.4642,0.6333,0.4762,0.6452,0.5479,90,0
DIA,Qwen,Qwen/Qwen2.5-7B-Instruct,Small,11235,Text,Few-shot-rag,1,3.86,0.0,0.4636,0.6667,0.5263,0.625,0.5714,90,0
DIA,Qwen,Qwen/Qwen2.5-7B-Instruct,Small,16180,Text,Few-shot-rag,1,3.86,0.0,0.4637,0.6222,0.4762,0.625,0.5405,90,0
DIA,Qwen,Qwen/Qwen2.5-7B-Instruct,Small,27182,Text,Few-shot-rag,2,3.86,0.0,0.5291,0.5778,0.4222,0.6129,0.5,90,0
DIA,Qwen,Qwen/Qwen2.5-7B-Instruct,Small,11235,Text,Few-shot-rag,2,3.86,0.0,0.5277,0.6556,0.5116,0.6875,0.5867,90,0
DIA,Qwen,Qwen/Qwen2.5-7B-Instruct,Small,16180,Text,Few-shot-rag,2,3.86,0.0,0.529,0.6444,0.5,0.5625,0.5294,90,0
DIA,Qwen,Qwen/Qwen2.5-7B-Instruct,Small,27182,Text,Few-shot-rag,4,3.86,0.0,0.6724,0.6111,0.4545,0.6452,0.5333,90,0
DIA,Qwen,Qwen/Qwen2.5-7B-Instruct,Small,11235,Text,Few-shot-rag,4,3.86,0.0,0.6711,0.6444,0.5,0.75,0.6,90,0
DIA,Qwen,Qwen/Qwen2.5-7B-Instruct,Small,16180,Text,Few-shot-rag,4,3.86,0.0,0.6725,0.6,0.4524,0.5938,0.5135,90,0
DIA,Qwen,Qwen/Qwen2.5-7B-Instruct,Small,27182,Text,Few-shot-rag,8,3.86,0.0,0.9421,0.6889,0.5366,0.7097,0.6111,90,0
DIA,Qwen,Qwen/Qwen2.5-7B-Instruct,Small,11235,Text,Few-shot-rag,8,3.86,0.0,0.9359,0.7111,0.5682,0.7812,0.6579,90,0
DIA,Qwen,Qwen/Qwen2.5-7B-Instruct,Small,16180,Text,Few-shot-rag,8,3.86,0.0,0.9427,0.6,0.45,0.5625,0.5,90,0
DIA,Qwen,Qwen/Qwen2.5-14B-Instruct,Medium,27182,List,Few-shot-rag,1,5.94,0.0,1.0736,0.6889,0.5429,0.6129,0.5758,90,0
DIA,Qwen,Qwen/Qwen2.5-14B-Instruct,Medium,11235,List,Few-shot-rag,1,5.94,0.0,1.0745,0.6222,0.4783,0.6875,0.5641,90,0
DIA,Qwen,Qwen/Qwen2.5-14B-Instruct,Medium,16180,List,Few-shot-rag,1,5.94,0.0,1.0655,0.6778,0.5484,0.5312,0.5397,90,0
DIA,Qwen,Qwen/Qwen2.5-14B-Instruct,Medium,27182,List,Few-shot-rag,2,5.94,0.0,1.173,0.6556,0.5,0.5161,0.5079,90,0
DIA,Qwen,Qwen/Qwen2.5-14B-Instruct,Medium,11235,List,Few-shot-rag,2,5.94,0.0,1.1852,0.5889,0.4468,0.6562,0.5316,90,0
DIA,Qwen,Qwen/Qwen2.5-14B-Instruct,Medium,16180,List,Few-shot-rag,2,5.94,0.0,1.1766,0.6333,0.4857,0.5312,0.5075,90,0
DIA,Qwen,Qwen/Qwen2.5-14B-Instruct,Medium,27182,List,Few-shot-rag,4,5.94,0.0,1.5115,0.6,0.4194,0.4194,0.4194,90,0
DIA,Qwen,Qwen/Qwen2.5-14B-Instruct,Medium,11235,List,Few-shot-rag,4,5.94,0.0,1.51,0.7,0.5641,0.6875,0.6197,90,0
DIA,Qwen,Qwen/Qwen2.5-14B-Instruct,Medium,16180,List,Few-shot-rag,4,5.94,0.0,1.5109,0.7,0.5758,0.5938,0.5846,90,0
DIA,Qwen,Qwen/Qwen2.5-14B-Instruct,Medium,27182,List,Few-shot-rag,8,5.94,0.0001,1.969,0.6111,0.4375,0.4516,0.4444,90,0
DIA,Qwen,Qwen/Qwen2.5-14B-Instruct,Medium,11235,List,Few-shot-rag,8,5.94,0.0,1.9723,0.6667,0.5238,0.6875,0.5946,90,0
DIA,Qwen,Qwen/Qwen2.5-14B-Instruct,Medium,16180,List,Few-shot-rag,8,5.94,0.0,1.9855,0.7,0.5806,0.5625,0.5714,90,0
DIA,Qwen,Qwen/Qwen2.5-14B-Instruct,Medium,27182,Text,Few-shot-rag,1,5.94,0.0,0.9811,0.6556,0.5,0.5806,0.5373,90,0
DIA,Qwen,Qwen/Qwen2.5-14B-Instruct,Medium,11235,Text,Few-shot-rag,1,5.94,0.0,0.9923,0.6667,0.5294,0.5625,0.5455,90,0
DIA,Qwen,Qwen/Qwen2.5-14B-Instruct,Medium,16180,Text,Few-shot-rag,1,5.94,0.0,0.9827,0.7444,0.6452,0.625,0.6349,90,0
DIA,Qwen,Qwen/Qwen2.5-14B-Instruct,Medium,27182,Text,Few-shot-rag,2,5.94,0.0,1.0987,0.6333,0.4722,0.5484,0.5075,90,0
DIA,Qwen,Qwen/Qwen2.5-14B-Instruct,Medium,11235,Text,Few-shot-rag,2,5.94,0.0,1.1031,0.6444,0.5,0.625,0.5556,90,0
DIA,Qwen,Qwen/Qwen2.5-14B-Instruct,Medium,16180,Text,Few-shot-rag,2,5.94,0.0,1.0875,0.6667,0.5312,0.5312,0.5312,90,0
DIA,Qwen,Qwen/Qwen2.5-14B-Instruct,Medium,27182,Text,Few-shot-rag,4,5.94,0.0,1.4441,0.6667,0.5128,0.6452,0.5714,90,0
DIA,Qwen,Qwen/Qwen2.5-14B-Instruct,Medium,11235,Text,Few-shot-rag,4,5.94,0.0001,1.4248,0.6111,0.4634,0.5938,0.5205,90,0
DIA,Qwen,Qwen/Qwen2.5-14B-Instruct,Medium,16180,Text,Few-shot-rag,4,5.94,0.0,1.4177,0.5889,0.4138,0.375,0.3934,90,0
DIA,Qwen,Qwen/Qwen2.5-14B-Instruct,Medium,27182,Text,Few-shot-rag,8,5.94,0.0001,1.8709,0.6556,0.5,0.6129,0.5507,90,0
DIA,Qwen,Qwen/Qwen2.5-14B-Instruct,Medium,11235,Text,Few-shot-rag,8,5.94,0.0001,1.8612,0.6333,0.4865,0.5625,0.5217,90,0
DIA,Qwen,Qwen/Qwen2.5-14B-Instruct,Medium,16180,Text,Few-shot-rag,8,5.94,0.0,1.8831,0.5778,0.4,0.375,0.3871,90,0
DIA,Qwen,Qwen/Qwen2.5-72B-Instruct,Large,27182,List,Few-shot-rag,1,16.73,0.0,4.0127,0.7,0.5526,0.6774,0.6087,90,0
DIA,Qwen,Qwen/Qwen2.5-72B-Instruct,Large,11235,List,Few-shot-rag,1,16.73,0.0,4.0117,0.6889,0.55,0.6875,0.6111,90,0
DIA,Qwen,Qwen/Qwen2.5-72B-Instruct,Large,16180,List,Few-shot-rag,1,16.73,0.0,4.0132,0.7,0.5862,0.5312,0.5574,90,0
DIA,Qwen,Qwen/Qwen2.5-72B-Instruct,Large,27182,List,Few-shot-rag,2,16.73,0.0,4.5764,0.6556,0.5,0.5806,0.5373,90,0
DIA,Qwen,Qwen/Qwen2.5-72B-Instruct,Large,11235,List,Few-shot-rag,2,16.73,0.0,4.5504,0.6444,0.5,0.6562,0.5676,90,0
DIA,Qwen,Qwen/Qwen2.5-72B-Instruct,Large,16180,List,Few-shot-rag,2,16.73,0.0,4.574,0.7222,0.5946,0.6875,0.6377,90,0
DIA,Qwen,Qwen/Qwen2.5-72B-Instruct,Large,27182,List,Few-shot-rag,4,16.73,0.0,5.8085,0.6444,0.4865,0.5806,0.5294,90,0
DIA,Qwen,Qwen/Qwen2.5-72B-Instruct,Large,11235,List,Few-shot-rag,4,16.73,0.0,5.8011,0.6556,0.5128,0.625,0.5634,90,0
DIA,Qwen,Qwen/Qwen2.5-72B-Instruct,Large,16180,List,Few-shot-rag,4,16.73,0.0,5.8126,0.6444,0.5,0.625,0.5556,90,0
DIA,Qwen,Qwen/Qwen2.5-72B-Instruct,Large,27182,List,Few-shot-rag,8,16.73,0.0,8.3016,0.6444,0.4872,0.6129,0.5429,90,0
DIA,Qwen,Qwen/Qwen2.5-72B-Instruct,Large,11235,List,Few-shot-rag,8,16.73,0.0,8.2665,0.6667,0.525,0.6562,0.5833,90,0
DIA,Qwen,Qwen/Qwen2.5-72B-Instruct,Large,16180,List,Few-shot-rag,8,16.73,0.0,8.2991,0.6778,0.5455,0.5625,0.5538,90,0
DIA,Qwen,Qwen/Qwen2.5-72B-Instruct,Large,27182,Text,Few-shot-rag,1,16.73,0.0,4.0135,0.6333,0.4722,0.5484,0.5075,90,0
DIA,Qwen,Qwen/Qwen2.5-72B-Instruct,Large,11235,Text,Few-shot-rag,1,16.73,0.0,4.0128,0.6778,0.5455,0.5625,0.5538,90,0
DIA,Qwen,Qwen/Qwen2.5-72B-Instruct,Large,16180,Text,Few-shot-rag,1,16.73,0.0,4.0141,0.7333,0.625,0.625,0.625,90,0
DIA,Qwen,Qwen/Qwen2.5-72B-Instruct,Large,27182,Text,Few-shot-rag,2,16.73,0.0,4.5824,0.5667,0.4048,0.5484,0.4658,90,0
DIA,Qwen,Qwen/Qwen2.5-72B-Instruct,Large,11235,Text,Few-shot-rag,2,16.73,0.0,4.5569,0.5778,0.4286,0.5625,0.4865,90,0
DIA,Qwen,Qwen/Qwen2.5-72B-Instruct,Large,16180,Text,Few-shot-rag,2,16.73,0.0,4.5798,0.6111,0.4595,0.5312,0.4928,90,0
DIA,Qwen,Qwen/Qwen2.5-72B-Instruct,Large,27182,Text,Few-shot-rag,4,16.73,0.0,5.8178,0.6333,0.4783,0.7097,0.5714,90,0
DIA,Qwen,Qwen/Qwen2.5-72B-Instruct,Large,11235,Text,Few-shot-rag,4,16.73,0.0,5.8075,0.6222,0.4762,0.625,0.5405,90,0
DIA,Qwen,Qwen/Qwen2.5-72B-Instruct,Large,16180,Text,Few-shot-rag,4,16.73,0.0,5.8202,0.6556,0.5172,0.4688,0.4918,90,0
DIA,Qwen,Qwen/Qwen2.5-72B-Instruct,Large,27182,Text,Few-shot-rag,8,16.73,0.0,8.3377,0.7444,0.6111,0.7097,0.6567,90,0
DIA,Qwen,Qwen/Qwen2.5-72B-Instruct,Large,11235,Text,Few-shot-rag,8,16.73,0.0,8.2791,0.6889,0.55,0.6875,0.6111,90,0
DIA,Qwen,Qwen/Qwen2.5-72B-Instruct,Large,16180,Text,Few-shot-rag,8,16.73,0.0,8.3475,0.6222,0.4667,0.4375,0.4516,90,0
Heart,Mistral,mistralai/Ministral-8B-Instruct-2410,Small,27182,List,Few-shot-rag,1,4.64,0.0,0.3669,0.5333,0.3934,0.8276,0.5333,90,0
Heart,Mistral,mistralai/Ministral-8B-Instruct-2410,Small,11235,List,Few-shot-rag,1,4.64,0.0,0.366,0.6444,0.4717,0.8621,0.6098,90,0
Heart,Mistral,mistralai/Ministral-8B-Instruct-2410,Small,16180,List,Few-shot-rag,1,4.64,0.0,0.3656,0.5111,0.381,0.8276,0.5217,90,0
Heart,Mistral,mistralai/Ministral-8B-Instruct-2410,Small,27182,List,Few-shot-rag,2,4.64,0.0,0.4066,0.6222,0.4444,0.6897,0.5405,90,0
Heart,Mistral,mistralai/Ministral-8B-Instruct-2410,Small,11235,List,Few-shot-rag,2,4.64,0.0,0.4062,0.6667,0.4889,0.7586,0.5946,90,0
Heart,Mistral,mistralai/Ministral-8B-Instruct-2410,Small,16180,List,Few-shot-rag,2,4.64,0.0,0.4062,0.6222,0.4468,0.7241,0.5526,90,0
Heart,Mistral,mistralai/Ministral-8B-Instruct-2410,Small,27182,List,Few-shot-rag,4,4.64,0.0,0.4815,0.7,0.525,0.7241,0.6087,90,0
Heart,Mistral,mistralai/Ministral-8B-Instruct-2410,Small,11235,List,Few-shot-rag,4,4.64,0.0,0.4812,0.7222,0.5526,0.7241,0.6269,90,0
Heart,Mistral,mistralai/Ministral-8B-Instruct-2410,Small,16180,List,Few-shot-rag,4,4.64,0.0,0.4852,0.6,0.4255,0.6897,0.5263,90,0
Heart,Mistral,mistralai/Ministral-8B-Instruct-2410,Small,27182,List,Few-shot-rag,8,4.64,0.0,0.6408,0.7222,0.55,0.7586,0.6377,90,0
Heart,Mistral,mistralai/Ministral-8B-Instruct-2410,Small,11235,List,Few-shot-rag,8,4.64,0.0001,0.645,0.7444,0.5833,0.7241,0.6462,90,0
Heart,Mistral,mistralai/Ministral-8B-Instruct-2410,Small,16180,List,Few-shot-rag,8,4.64,0.0,0.6425,0.6889,0.5128,0.6897,0.5882,90,0
Heart,Mistral,mistralai/Ministral-8B-Instruct-2410,Small,27182,Text,Few-shot-rag,1,4.64,0.0,0.3667,0.5222,0.3793,0.7586,0.5057,90,0
Heart,Mistral,mistralai/Ministral-8B-Instruct-2410,Small,11235,Text,Few-shot-rag,1,4.64,0.0,0.3655,0.5667,0.4138,0.8276,0.5517,90,0
Heart,Mistral,mistralai/Ministral-8B-Instruct-2410,Small,16180,Text,Few-shot-rag,1,4.64,0.0,0.3662,0.5222,0.3833,0.7931,0.5169,90,0
Heart,Mistral,mistralai/Ministral-8B-Instruct-2410,Small,27182,Text,Few-shot-rag,2,4.64,0.0,0.4046,0.5556,0.3878,0.6552,0.4872,90,0
Heart,Mistral,mistralai/Ministral-8B-Instruct-2410,Small,11235,Text,Few-shot-rag,2,4.64,0.0,0.4055,0.6889,0.5106,0.8276,0.6316,90,0
Heart,Mistral,mistralai/Ministral-8B-Instruct-2410,Small,16180,Text,Few-shot-rag,2,4.64,0.0,0.4052,0.5667,0.4074,0.7586,0.5301,90,0
Heart,Mistral,mistralai/Ministral-8B-Instruct-2410,Small,27182,Text,Few-shot-rag,4,4.64,0.0,0.4704,0.6444,0.4651,0.6897,0.5556,90,0
Heart,Mistral,mistralai/Ministral-8B-Instruct-2410,Small,11235,Text,Few-shot-rag,4,4.64,0.0,0.4691,0.7444,0.5714,0.8276,0.6761,90,0
Heart,Mistral,mistralai/Ministral-8B-Instruct-2410,Small,16180,Text,Few-shot-rag,4,4.64,0.0,0.4699,0.6111,0.4375,0.7241,0.5455,90,0
Heart,Mistral,mistralai/Ministral-8B-Instruct-2410,Small,27182,Text,Few-shot-rag,8,4.64,0.0,0.6347,0.6556,0.4762,0.6897,0.5634,90,0
Heart,Mistral,mistralai/Ministral-8B-Instruct-2410,Small,11235,Text,Few-shot-rag,8,4.64,0.0,0.6352,0.7333,0.561,0.7931,0.6571,90,0
Heart,Mistral,mistralai/Ministral-8B-Instruct-2410,Small,16180,Text,Few-shot-rag,8,4.64,0.0,0.6357,0.6667,0.4889,0.7586,0.5946,90,0
Heart,Mistral,mistralai/Mistral-Nemo-Instruct-2407,Medium,27182,List,Few-shot-rag,1,5.82,0.0,0.4821,0.5333,0.3934,0.8276,0.5333,90,0
Heart,Mistral,mistralai/Mistral-Nemo-Instruct-2407,Medium,11235,List,Few-shot-rag,1,5.82,0.0,0.482,0.6,0.4286,0.7241,0.5385,90,0
Heart,Mistral,mistralai/Mistral-Nemo-Instruct-2407,Medium,16180,List,Few-shot-rag,1,5.82,0.0,0.4819,0.6,0.4407,0.8966,0.5909,90,0
Heart,Mistral,mistralai/Mistral-Nemo-Instruct-2407,Medium,27182,List,Few-shot-rag,2,5.82,0.0,0.545,0.6444,0.4706,0.8276,0.6,90,0
Heart,Mistral,mistralai/Mistral-Nemo-Instruct-2407,Medium,11235,List,Few-shot-rag,2,5.82,0.0,0.5452,0.7222,0.5417,0.8966,0.6753,90,0
Heart,Mistral,mistralai/Mistral-Nemo-Instruct-2407,Medium,16180,List,Few-shot-rag,2,5.82,0.0,0.5449,0.6444,0.4717,0.8621,0.6098,90,0
Heart,Mistral,mistralai/Mistral-Nemo-Instruct-2407,Medium,27182,List,Few-shot-rag,4,5.82,0.0,0.6738,0.7333,0.5556,0.8621,0.6757,90,0
Heart,Mistral,mistralai/Mistral-Nemo-Instruct-2407,Medium,11235,List,Few-shot-rag,4,5.82,0.0,0.6733,0.7333,0.5556,0.8621,0.6757,90,0
Heart,Mistral,mistralai/Mistral-Nemo-Instruct-2407,Medium,16180,List,Few-shot-rag,4,5.82,0.0,0.6732,0.6778,0.5,0.8966,0.642,90,0
Heart,Mistral,mistralai/Mistral-Nemo-Instruct-2407,Medium,27182,List,Few-shot-rag,8,5.82,0.0,0.9375,0.6889,0.5106,0.8276,0.6316,90,0
Heart,Mistral,mistralai/Mistral-Nemo-Instruct-2407,Medium,11235,List,Few-shot-rag,8,5.82,0.0,0.9369,0.7556,0.5814,0.8621,0.6944,90,0
Heart,Mistral,mistralai/Mistral-Nemo-Instruct-2407,Medium,16180,List,Few-shot-rag,8,5.82,0.0,0.9372,0.6778,0.5,0.8621,0.6329,90,0
Heart,Mistral,mistralai/Mistral-Nemo-Instruct-2407,Medium,27182,Text,Few-shot-rag,1,5.82,0.0,0.4814,0.5444,0.4032,0.8621,0.5495,90,0
Heart,Mistral,mistralai/Mistral-Nemo-Instruct-2407,Medium,11235,Text,Few-shot-rag,1,5.82,0.0,0.4811,0.6222,0.4545,0.8621,0.5952,90,0
Heart,Mistral,mistralai/Mistral-Nemo-Instruct-2407,Medium,16180,Text,Few-shot-rag,1,5.82,0.0,0.4811,0.5889,0.4333,0.8966,0.5843,90,0
Heart,Mistral,mistralai/Mistral-Nemo-Instruct-2407,Medium,27182,Text,Few-shot-rag,2,5.82,0.0,0.5432,0.6111,0.4483,0.8966,0.5977,90,0
Heart,Mistral,mistralai/Mistral-Nemo-Instruct-2407,Medium,11235,Text,Few-shot-rag,2,5.82,0.0,0.5431,0.6778,0.5,0.8276,0.6234,90,0
Heart,Mistral,mistralai/Mistral-Nemo-Instruct-2407,Medium,16180,Text,Few-shot-rag,2,5.82,0.0,0.543,0.5889,0.431,0.8621,0.5747,90,0
Heart,Mistral,mistralai/Mistral-Nemo-Instruct-2407,Medium,27182,Text,Few-shot-rag,4,5.82,0.0,0.6533,0.6556,0.4815,0.8966,0.6265,90,0
Heart,Mistral,mistralai/Mistral-Nemo-Instruct-2407,Medium,11235,Text,Few-shot-rag,4,5.82,0.0,0.6533,0.6889,0.5106,0.8276,0.6316,90,0
Heart,Mistral,mistralai/Mistral-Nemo-Instruct-2407,Medium,16180,Text,Few-shot-rag,4,5.82,0.0,0.6525,0.6444,0.4727,0.8966,0.619,90,0
Heart,Mistral,mistralai/Mistral-Nemo-Instruct-2407,Medium,27182,Text,Few-shot-rag,8,5.82,0.0,0.9117,0.6889,0.5102,0.8621,0.641,90,0
Heart,Mistral,mistralai/Mistral-Nemo-Instruct-2407,Medium,11235,Text,Few-shot-rag,8,5.82,0.0,0.911,0.7556,0.5778,0.8966,0.7027,90,0
Heart,Mistral,mistralai/Mistral-Nemo-Instruct-2407,Medium,16180,Text,Few-shot-rag,8,5.82,0.0,0.9129,0.6667,0.4906,0.8966,0.6341,90,0
Heart,Mistral,mistralai/Mixtral-8x7B-Instruct-v0.1,Large,27182,List,Few-shot-rag,1,13.26,0.0,2.0458,0.6418,0.5143,0.72,0.6,90,23
Heart,Mistral,mistralai/Mixtral-8x7B-Instruct-v0.1,Large,11235,List,Few-shot-rag,1,13.26,0.0,1.9747,0.7246,0.5758,0.7917,0.6667,90,21
Heart,Mistral,mistralai/Mixtral-8x7B-Instruct-v0.1,Large,16180,List,Few-shot-rag,1,13.26,0.0,2.0149,0.6119,0.475,0.7917,0.5938,90,23
Heart,Mistral,mistralai/Mixtral-8x7B-Instruct-v0.1,Large,27182,List,Few-shot-rag,2,13.26,0.0,1.7684,0.6923,0.5294,0.6923,0.6,90,12
Heart,Mistral,mistralai/Mixtral-8x7B-Instruct-v0.1,Large,11235,List,Few-shot-rag,2,13.26,0.0,1.6756,0.7284,0.5405,0.8,0.6452,90,9
Heart,Mistral,mistralai/Mixtral-8x7B-Instruct-v0.1,Large,16180,List,Few-shot-rag,2,13.26,0.0,1.7988,0.6753,0.5128,0.7692,0.6154,90,13
Heart,Mistral,mistralai/Mixtral-8x7B-Instruct-v0.1,Large,27182,List,Few-shot-rag,4,13.26,0.0,1.833,0.75,0.5667,0.7083,0.6296,90,10
Heart,Mistral,mistralai/Mixtral-8x7B-Instruct-v0.1,Large,11235,List,Few-shot-rag,4,13.26,0.0,1.757,0.759,0.5897,0.8519,0.697,90,7
Heart,Mistral,mistralai/Mixtral-8x7B-Instruct-v0.1,Large,16180,List,Few-shot-rag,4,13.26,0.0,1.8812,0.6883,0.4865,0.7826,0.6,90,13
Heart,Mistral,mistralai/Mixtral-8x7B-Instruct-v0.1,Large,27182,List,Few-shot-rag,8,13.26,0.0,1.8666,0.7045,0.5294,0.6429,0.5806,90,2
Heart,Mistral,mistralai/Mixtral-8x7B-Instruct-v0.1,Large,11235,List,Few-shot-rag,8,13.26,0.0,1.8351,0.7955,0.6389,0.8214,0.7188,90,2
Heart,Mistral,mistralai/Mixtral-8x7B-Instruct-v0.1,Large,16180,List,Few-shot-rag,8,13.26,0.0,1.8357,0.7011,0.525,0.75,0.6176,90,3
Heart,Mistral,mistralai/Mixtral-8x7B-Instruct-v0.1,Large,27182,Text,Few-shot-rag,1,13.26,0.0,1.7238,0.6104,0.4255,0.8696,0.5714,90,13
Heart,Mistral,mistralai/Mixtral-8x7B-Instruct-v0.1,Large,11235,Text,Few-shot-rag,1,13.26,0.0,1.7343,0.6494,0.4545,0.8696,0.597,90,13
Heart,Mistral,mistralai/Mixtral-8x7B-Instruct-v0.1,Large,16180,Text,Few-shot-rag,1,13.26,0.0,1.796,0.5867,0.4167,0.8696,0.5634,90,15
Heart,Mistral,mistralai/Mixtral-8x7B-Instruct-v0.1,Large,27182,Text,Few-shot-rag,2,13.26,0.0,1.6098,0.6265,0.4468,0.8077,0.5753,90,7
Heart,Mistral,mistralai/Mixtral-8x7B-Instruct-v0.1,Large,11235,Text,Few-shot-rag,2,13.26,0.0,1.4547,0.7159,0.5349,0.8214,0.6479,90,2
Heart,Mistral,mistralai/Mixtral-8x7B-Instruct-v0.1,Large,16180,Text,Few-shot-rag,2,13.26,0.0,1.5006,0.6395,0.4681,0.7857,0.5867,90,4
Heart,Mistral,mistralai/Mixtral-8x7B-Instruct-v0.1,Large,27182,Text,Few-shot-rag,4,13.26,0.0,1.5957,0.6705,0.5,0.6897,0.5797,90,2
Heart,Mistral,mistralai/Mixtral-8x7B-Instruct-v0.1,Large,11235,Text,Few-shot-rag,4,13.26,0.0,1.5641,0.7079,0.5227,0.8214,0.6389,90,1
Heart,Mistral,mistralai/Mixtral-8x7B-Instruct-v0.1,Large,16180,Text,Few-shot-rag,4,13.26,0.0,1.5796,0.6364,0.4565,0.75,0.5676,90,2
Heart,Mistral,mistralai/Mixtral-8x7B-Instruct-v0.1,Large,27182,Text,Few-shot-rag,8,13.26,0.0001,1.8274,0.6667,0.4884,0.7241,0.5833,90,0
Heart,Mistral,mistralai/Mixtral-8x7B-Instruct-v0.1,Large,11235,Text,Few-shot-rag,8,13.26,0.0,1.8573,0.7303,0.5476,0.8214,0.6571,90,1
Heart,Mistral,mistralai/Mixtral-8x7B-Instruct-v0.1,Large,16180,Text,Few-shot-rag,8,13.26,0.0,1.8267,0.6111,0.44,0.7586,0.557,90,0
Cancer,Mistral,mistralai/Ministral-8B-Instruct-2410,Small,27182,List,Few-shot-rag,1,4.62,0.0,0.4134,0.5714,0.6,0.6316,0.6154,35,0
Cancer,Mistral,mistralai/Ministral-8B-Instruct-2410,Small,11235,List,Few-shot-rag,1,4.62,0.0,0.4097,0.5429,0.6,0.4737,0.5294,35,0
Cancer,Mistral,mistralai/Ministral-8B-Instruct-2410,Small,16180,List,Few-shot-rag,1,4.62,0.0,0.4112,0.5714,0.6429,0.4737,0.5455,35,0
Cancer,Mistral,mistralai/Ministral-8B-Instruct-2410,Small,27182,List,Few-shot-rag,2,4.62,0.0,0.4431,0.5143,0.5455,0.6316,0.5854,35,0
Cancer,Mistral,mistralai/Ministral-8B-Instruct-2410,Small,11235,List,Few-shot-rag,2,4.62,0.0,0.4445,0.7714,0.7619,0.8421,0.8,35,0
Cancer,Mistral,mistralai/Ministral-8B-Instruct-2410,Small,16180,List,Few-shot-rag,2,4.62,0.0,0.444,0.6571,0.6842,0.6842,0.6842,35,0
Cancer,Mistral,mistralai/Ministral-8B-Instruct-2410,Small,27182,List,Few-shot-rag,4,4.62,0.0,0.5194,0.6,0.6087,0.7368,0.6667,35,0
Cancer,Mistral,mistralai/Ministral-8B-Instruct-2410,Small,11235,List,Few-shot-rag,4,4.62,0.0,0.5237,0.7429,0.7083,0.8947,0.7907,35,0
Cancer,Mistral,mistralai/Ministral-8B-Instruct-2410,Small,16180,List,Few-shot-rag,4,4.62,0.0,0.5214,0.6571,0.64,0.8421,0.7273,35,0
Cancer,Mistral,mistralai/Ministral-8B-Instruct-2410,Small,27182,List,Few-shot-rag,8,4.62,0.0,0.6943,0.6,0.6,0.7895,0.6818,35,0
Cancer,Mistral,mistralai/Ministral-8B-Instruct-2410,Small,11235,List,Few-shot-rag,8,4.62,0.0,0.6948,0.6857,0.6667,0.8421,0.7442,35,0
Cancer,Mistral,mistralai/Ministral-8B-Instruct-2410,Small,16180,List,Few-shot-rag,8,4.62,0.0,0.6971,0.6,0.6087,0.7368,0.6667,35,0
Cancer,Mistral,mistralai/Ministral-8B-Instruct-2410,Small,27182,Text,Few-shot-rag,1,4.62,0.0,0.4022,0.6286,0.6667,0.6316,0.6486,35,0
Cancer,Mistral,mistralai/Ministral-8B-Instruct-2410,Small,11235,Text,Few-shot-rag,1,4.62,0.0,0.4007,0.6286,0.6667,0.6316,0.6486,35,0
Cancer,Mistral,mistralai/Ministral-8B-Instruct-2410,Small,16180,Text,Few-shot-rag,1,4.62,0.0,0.4001,0.6286,0.6875,0.5789,0.6286,35,0
Cancer,Mistral,mistralai/Ministral-8B-Instruct-2410,Small,27182,Text,Few-shot-rag,2,4.62,0.0,0.4409,0.6,0.6471,0.5789,0.6111,35,0
Cancer,Mistral,mistralai/Ministral-8B-Instruct-2410,Small,11235,Text,Few-shot-rag,2,4.62,0.0,0.441,0.6286,0.65,0.6842,0.6667,35,0
Cancer,Mistral,mistralai/Ministral-8B-Instruct-2410,Small,16180,Text,Few-shot-rag,2,4.62,0.0,0.4408,0.6857,0.7,0.7368,0.7179,35,0
Cancer,Mistral,mistralai/Ministral-8B-Instruct-2410,Small,27182,Text,Few-shot-rag,4,4.62,0.0,0.5167,0.4571,0.5,0.5263,0.5128,35,0
Cancer,Mistral,mistralai/Ministral-8B-Instruct-2410,Small,11235,Text,Few-shot-rag,4,4.62,0.0,0.5156,0.6857,0.6667,0.8421,0.7442,35,0
Cancer,Mistral,mistralai/Ministral-8B-Instruct-2410,Small,16180,Text,Few-shot-rag,4,4.62,0.0,0.5145,0.6571,0.6667,0.7368,0.7,35,0
Cancer,Mistral,mistralai/Ministral-8B-Instruct-2410,Small,27182,Text,Few-shot-rag,8,4.62,0.0,0.6857,0.5714,0.5909,0.6842,0.6341,35,0
Cancer,Mistral,mistralai/Ministral-8B-Instruct-2410,Small,11235,Text,Few-shot-rag,8,4.62,0.0,0.6862,0.6286,0.6364,0.7368,0.6829,35,0
Cancer,Mistral,mistralai/Ministral-8B-Instruct-2410,Small,16180,Text,Few-shot-rag,8,4.62,0.0,0.6861,0.5714,0.5909,0.6842,0.6341,35,0
Cancer,Mistral,mistralai/Mistral-Nemo-Instruct-2407,Medium,27182,List,Few-shot-rag,1,5.84,0.0,0.5533,0.5429,0.5789,0.5789,0.5789,35,0
Cancer,Mistral,mistralai/Mistral-Nemo-Instruct-2407,Medium,11235,List,Few-shot-rag,1,5.84,0.0,0.552,0.5143,0.5833,0.3684,0.4516,35,0
Cancer,Mistral,mistralai/Mistral-Nemo-Instruct-2407,Medium,16180,List,Few-shot-rag,1,5.84,0.0,0.5526,0.5429,0.6154,0.4211,0.5,35,0
Cancer,Mistral,mistralai/Mistral-Nemo-Instruct-2407,Medium,27182,List,Few-shot-rag,2,5.84,0.0,0.6028,0.5143,0.5556,0.5263,0.5405,35,0
Cancer,Mistral,mistralai/Mistral-Nemo-Instruct-2407,Medium,11235,List,Few-shot-rag,2,5.84,0.0,0.6038,0.6286,0.6875,0.5789,0.6286,35,0
Cancer,Mistral,mistralai/Mistral-Nemo-Instruct-2407,Medium,16180,List,Few-shot-rag,2,5.84,0.0,0.6039,0.6286,0.65,0.6842,0.6667,35,0
Cancer,Mistral,mistralai/Mistral-Nemo-Instruct-2407,Medium,27182,List,Few-shot-rag,4,5.84,0.0,0.7293,0.5429,0.5789,0.5789,0.5789,35,0
Cancer,Mistral,mistralai/Mistral-Nemo-Instruct-2407,Medium,11235,List,Few-shot-rag,4,5.84,0.0,0.7293,0.6571,0.7059,0.6316,0.6667,35,0
Cancer,Mistral,mistralai/Mistral-Nemo-Instruct-2407,Medium,16180,List,Few-shot-rag,4,5.84,0.0,0.7296,0.6286,0.65,0.6842,0.6667,35,0
Cancer,Mistral,mistralai/Mistral-Nemo-Instruct-2407,Medium,27182,List,Few-shot-rag,8,5.84,0.0,1.018,0.5714,0.5833,0.7368,0.6512,35,0
Cancer,Mistral,mistralai/Mistral-Nemo-Instruct-2407,Medium,11235,List,Few-shot-rag,8,5.84,0.0,1.018,0.5714,0.6111,0.5789,0.5946,35,0
Cancer,Mistral,mistralai/Mistral-Nemo-Instruct-2407,Medium,16180,List,Few-shot-rag,8,5.84,0.0,1.0189,0.5143,0.5417,0.6842,0.6047,35,0
Cancer,Mistral,mistralai/Mistral-Nemo-Instruct-2407,Medium,27182,Text,Few-shot-rag,1,5.84,0.0,0.5327,0.6,0.619,0.6842,0.65,35,0
Cancer,Mistral,mistralai/Mistral-Nemo-Instruct-2407,Medium,11235,Text,Few-shot-rag,1,5.84,0.0,0.5325,0.6,0.619,0.6842,0.65,35,0
Cancer,Mistral,mistralai/Mistral-Nemo-Instruct-2407,Medium,16180,Text,Few-shot-rag,1,5.84,0.0,0.5332,0.6571,0.6522,0.7895,0.7143,35,0
Cancer,Mistral,mistralai/Mistral-Nemo-Instruct-2407,Medium,27182,Text,Few-shot-rag,2,5.84,0.0,0.5986,0.5714,0.6,0.6316,0.6154,35,0
Cancer,Mistral,mistralai/Mistral-Nemo-Instruct-2407,Medium,11235,Text,Few-shot-rag,2,5.84,0.0,0.5979,0.6286,0.6364,0.7368,0.6829,35,0
Cancer,Mistral,mistralai/Mistral-Nemo-Instruct-2407,Medium,16180,Text,Few-shot-rag,2,5.84,0.0,0.5988,0.6,0.619,0.6842,0.65,35,0
Cancer,Mistral,mistralai/Mistral-Nemo-Instruct-2407,Medium,27182,Text,Few-shot-rag,4,5.84,0.0,0.7248,0.5714,0.6111,0.5789,0.5946,35,0
Cancer,Mistral,mistralai/Mistral-Nemo-Instruct-2407,Medium,11235,Text,Few-shot-rag,4,5.84,0.0,0.7253,0.6,0.6316,0.6316,0.6316,35,0
Cancer,Mistral,mistralai/Mistral-Nemo-Instruct-2407,Medium,16180,Text,Few-shot-rag,4,5.84,0.0,0.7254,0.5429,0.5714,0.6316,0.6,35,0
Cancer,Mistral,mistralai/Mistral-Nemo-Instruct-2407,Medium,27182,Text,Few-shot-rag,8,5.84,0.0,0.9922,0.6571,0.64,0.8421,0.7273,35,0
Cancer,Mistral,mistralai/Mistral-Nemo-Instruct-2407,Medium,11235,Text,Few-shot-rag,8,5.84,0.0,0.9929,0.5429,0.5789,0.5789,0.5789,35,0
Cancer,Mistral,mistralai/Mistral-Nemo-Instruct-2407,Medium,16180,Text,Few-shot-rag,8,5.84,0.0,0.9932,0.5143,0.5455,0.6316,0.5854,35,0
Cancer,Mistral,mistralai/Mixtral-8x7B-Instruct-v0.1,Large,27182,List,Few-shot-rag,1,13.14,0.0,1.6225,0.5758,0.6429,0.5,0.5625,35,2
Cancer,Mistral,mistralai/Mixtral-8x7B-Instruct-v0.1,Large,11235,List,Few-shot-rag,1,13.14,0.0,1.4691,0.4857,0.5385,0.3684,0.4375,35,0
Cancer,Mistral,mistralai/Mixtral-8x7B-Instruct-v0.1,Large,16180,List,Few-shot-rag,1,13.14,0.0,1.6209,0.5758,0.6364,0.4118,0.5,35,2
Cancer,Mistral,mistralai/Mixtral-8x7B-Instruct-v0.1,Large,27182,List,Few-shot-rag,2,13.14,0.0,1.5332,0.6,0.6316,0.6316,0.6316,35,0
Cancer,Mistral,mistralai/Mixtral-8x7B-Instruct-v0.1,Large,11235,List,Few-shot-rag,2,13.14,0.0,1.5331,0.6,0.619,0.6842,0.65,35,0
Cancer,Mistral,mistralai/Mixtral-8x7B-Instruct-v0.1,Large,16180,List,Few-shot-rag,2,13.14,0.0,1.533,0.6571,0.6842,0.6842,0.6842,35,0
Cancer,Mistral,mistralai/Mixtral-8x7B-Instruct-v0.1,Large,27182,List,Few-shot-rag,4,13.14,0.0,1.684,0.6286,0.6364,0.7368,0.6829,35,0
Cancer,Mistral,mistralai/Mixtral-8x7B-Instruct-v0.1,Large,11235,List,Few-shot-rag,4,13.14,0.0,1.6848,0.7429,0.7273,0.8421,0.7805,35,0
Cancer,Mistral,mistralai/Mixtral-8x7B-Instruct-v0.1,Large,16180,List,Few-shot-rag,4,13.14,0.0,1.6846,0.6857,0.6667,0.8421,0.7442,35,0
Cancer,Mistral,mistralai/Mixtral-8x7B-Instruct-v0.1,Large,27182,List,Few-shot-rag,8,13.14,0.0,1.9865,0.6,0.6087,0.7368,0.6667,35,0
Cancer,Mistral,mistralai/Mixtral-8x7B-Instruct-v0.1,Large,11235,List,Few-shot-rag,8,13.14,0.0,1.9884,0.6857,0.6667,0.8421,0.7442,35,0
Cancer,Mistral,mistralai/Mixtral-8x7B-Instruct-v0.1,Large,16180,List,Few-shot-rag,8,13.14,0.0,1.9879,0.6571,0.6296,0.8947,0.7391,35,0
Cancer,Mistral,mistralai/Mixtral-8x7B-Instruct-v0.1,Large,27182,Text,Few-shot-rag,1,13.14,0.0,1.6955,0.5862,0.6364,0.4667,0.5385,35,6
Cancer,Mistral,mistralai/Mixtral-8x7B-Instruct-v0.1,Large,11235,Text,Few-shot-rag,1,13.14,0.0,1.6188,0.5938,0.5882,0.625,0.6061,35,3
Cancer,Mistral,mistralai/Mixtral-8x7B-Instruct-v0.1,Large,16180,Text,Few-shot-rag,1,13.14,0.0,1.6188,0.7,0.6667,0.8,0.7273,35,5
Cancer,Mistral,mistralai/Mixtral-8x7B-Instruct-v0.1,Large,27182,Text,Few-shot-rag,2,13.14,0.0,1.5331,0.6571,0.6667,0.7368,0.7,35,0
Cancer,Mistral,mistralai/Mixtral-8x7B-Instruct-v0.1,Large,11235,Text,Few-shot-rag,2,13.14,0.0,1.5327,0.6857,0.6818,0.7895,0.7317,35,0
Cancer,Mistral,mistralai/Mixtral-8x7B-Instruct-v0.1,Large,16180,Text,Few-shot-rag,2,13.14,0.0,1.6089,0.7647,0.7619,0.8421,0.8,35,1
Cancer,Mistral,mistralai/Mixtral-8x7B-Instruct-v0.1,Large,27182,Text,Few-shot-rag,4,13.14,0.0,1.6837,0.5714,0.5833,0.7368,0.6512,35,0
Cancer,Mistral,mistralai/Mixtral-8x7B-Instruct-v0.1,Large,11235,Text,Few-shot-rag,4,13.14,0.0,1.6839,0.6286,0.625,0.7895,0.6977,35,0
Cancer,Mistral,mistralai/Mixtral-8x7B-Instruct-v0.1,Large,16180,Text,Few-shot-rag,4,13.14,0.0,1.7601,0.6471,0.625,0.8333,0.7143,35,1
Cancer,Mistral,mistralai/Mixtral-8x7B-Instruct-v0.1,Large,27182,Text,Few-shot-rag,8,13.14,0.0,1.9851,0.6,0.6,0.7895,0.6818,35,0
Cancer,Mistral,mistralai/Mixtral-8x7B-Instruct-v0.1,Large,11235,Text,Few-shot-rag,8,13.14,0.0,1.9864,0.6857,0.6538,0.8947,0.7556,35,0
Cancer,Mistral,mistralai/Mixtral-8x7B-Instruct-v0.1,Large,16180,Text,Few-shot-rag,8,13.14,0.0,1.9864,0.6286,0.6364,0.7368,0.6829,35,0
DIA,Mistral,mistralai/Ministral-8B-Instruct-2410,Small,27182,List,Few-shot-rag,1,4.49,0.0,0.5286,0.7,0.5556,0.6452,0.597,90,0
DIA,Mistral,mistralai/Ministral-8B-Instruct-2410,Small,11235,List,Few-shot-rag,1,4.49,0.0,0.5283,0.7111,0.5882,0.625,0.6061,90,0
DIA,Mistral,mistralai/Ministral-8B-Instruct-2410,Small,16180,List,Few-shot-rag,1,4.49,0.0,0.5317,0.6667,0.5312,0.5312,0.5312,90,0
DIA,Mistral,mistralai/Ministral-8B-Instruct-2410,Small,27182,List,Few-shot-rag,2,4.49,0.0,0.6055,0.6,0.439,0.5806,0.5,90,0
DIA,Mistral,mistralai/Ministral-8B-Instruct-2410,Small,11235,List,Few-shot-rag,2,4.49,0.0,0.6001,0.7556,0.6562,0.6562,0.6562,90,0
DIA,Mistral,mistralai/Ministral-8B-Instruct-2410,Small,16180,List,Few-shot-rag,2,4.49,0.0,0.6026,0.6667,0.5278,0.5938,0.5588,90,0
DIA,Mistral,mistralai/Ministral-8B-Instruct-2410,Small,27182,List,Few-shot-rag,4,4.49,0.0,0.7601,0.6778,0.5333,0.5161,0.5246,90,0
DIA,Mistral,mistralai/Ministral-8B-Instruct-2410,Small,11235,List,Few-shot-rag,4,4.49,0.0,0.7579,0.7556,0.6786,0.5938,0.6333,90,0
DIA,Mistral,mistralai/Ministral-8B-Instruct-2410,Small,16180,List,Few-shot-rag,4,4.49,0.0,0.7598,0.6778,0.5556,0.4688,0.5085,90,0
DIA,Mistral,mistralai/Ministral-8B-Instruct-2410,Small,27182,List,Few-shot-rag,8,4.49,0.0,1.1098,0.7333,0.6207,0.5806,0.6,90,0
DIA,Mistral,mistralai/Ministral-8B-Instruct-2410,Small,11235,List,Few-shot-rag,8,4.49,0.0,1.1015,0.7333,0.6818,0.4688,0.5556,90,0
DIA,Mistral,mistralai/Ministral-8B-Instruct-2410,Small,16180,List,Few-shot-rag,8,4.49,0.0,1.1104,0.6889,0.5833,0.4375,0.5,90,0
DIA,Mistral,mistralai/Ministral-8B-Instruct-2410,Small,27182,Text,Few-shot-rag,1,4.49,0.0,0.5304,0.6222,0.4615,0.5806,0.5143,90,0
DIA,Mistral,mistralai/Ministral-8B-Instruct-2410,Small,11235,Text,Few-shot-rag,1,4.49,0.0,0.53,0.7,0.5714,0.625,0.597,90,0
DIA,Mistral,mistralai/Ministral-8B-Instruct-2410,Small,16180,Text,Few-shot-rag,1,4.49,0.0,0.5301,0.6667,0.5385,0.4375,0.4828,90,0
DIA,Mistral,mistralai/Ministral-8B-Instruct-2410,Small,27182,Text,Few-shot-rag,2,4.49,0.0,0.604,0.6444,0.4839,0.4839,0.4839,90,0
DIA,Mistral,mistralai/Ministral-8B-Instruct-2410,Small,11235,Text,Few-shot-rag,2,4.49,0.0,0.5997,0.6667,0.5294,0.5625,0.5455,90,0
DIA,Mistral,mistralai/Ministral-8B-Instruct-2410,Small,16180,Text,Few-shot-rag,2,4.49,0.0,0.605,0.6333,0.4839,0.4688,0.4762,90,0
DIA,Mistral,mistralai/Ministral-8B-Instruct-2410,Small,27182,Text,Few-shot-rag,4,4.49,0.0,0.7611,0.6444,0.4857,0.5484,0.5152,90,0
DIA,Mistral,mistralai/Ministral-8B-Instruct-2410,Small,11235,Text,Few-shot-rag,4,4.49,0.0,0.7593,0.6889,0.5588,0.5938,0.5758,90,0
DIA,Mistral,mistralai/Ministral-8B-Instruct-2410,Small,16180,Text,Few-shot-rag,4,4.49,0.0,0.7615,0.6667,0.5385,0.4375,0.4828,90,0
DIA,Mistral,mistralai/Ministral-8B-Instruct-2410,Small,27182,Text,Few-shot-rag,8,4.49,0.0,1.1243,0.6556,0.5,0.4194,0.4561,90,0
DIA,Mistral,mistralai/Ministral-8B-Instruct-2410,Small,11235,Text,Few-shot-rag,8,4.49,0.0,1.1154,0.6444,0.5,0.4688,0.4839,90,0
DIA,Mistral,mistralai/Ministral-8B-Instruct-2410,Small,16180,Text,Few-shot-rag,8,4.49,0.0,1.1194,0.6333,0.4783,0.3438,0.4,90,0
DIA,Mistral,mistralai/Mistral-Nemo-Instruct-2407,Medium,27182,List,Few-shot-rag,1,5.65,0.0,0.7252,0.6556,0.5,0.7097,0.5867,90,0
DIA,Mistral,mistralai/Mistral-Nemo-Instruct-2407,Medium,11235,List,Few-shot-rag,1,5.65,0.0,0.725,0.6222,0.48,0.75,0.5854,90,0
DIA,Mistral,mistralai/Mistral-Nemo-Instruct-2407,Medium,16180,List,Few-shot-rag,1,5.65,0.0,0.7256,0.6667,0.5238,0.6875,0.5946,90,0
DIA,Mistral,mistralai/Mistral-Nemo-Instruct-2407,Medium,27182,List,Few-shot-rag,2,5.65,0.0,0.8383,0.6444,0.4878,0.6452,0.5556,90,0
DIA,Mistral,mistralai/Mistral-Nemo-Instruct-2407,Medium,11235,List,Few-shot-rag,2,5.65,0.0,0.8349,0.5889,0.4468,0.6562,0.5316,90,0
DIA,Mistral,mistralai/Mistral-Nemo-Instruct-2407,Medium,16180,List,Few-shot-rag,2,5.65,0.0,0.8376,0.6889,0.5556,0.625,0.5882,90,0
DIA,Mistral,mistralai/Mistral-Nemo-Instruct-2407,Medium,27182,List,Few-shot-rag,4,5.65,0.0,1.1008,0.6778,0.5238,0.7097,0.6027,90,0
DIA,Mistral,mistralai/Mistral-Nemo-Instruct-2407,Medium,11235,List,Few-shot-rag,4,5.65,0.0,1.0976,0.6444,0.5,0.7188,0.5897,90,0
DIA,Mistral,mistralai/Mistral-Nemo-Instruct-2407,Medium,16180,List,Few-shot-rag,4,5.65,0.0,1.1006,0.6,0.4545,0.625,0.5263,90,0
DIA,Mistral,mistralai/Mistral-Nemo-Instruct-2407,Medium,27182,List,Few-shot-rag,8,5.65,0.0,1.5542,0.6444,0.4872,0.6129,0.5429,90,0
DIA,Mistral,mistralai/Mistral-Nemo-Instruct-2407,Medium,11235,List,Few-shot-rag,8,5.65,0.0,1.5448,0.6778,0.5333,0.75,0.6234,90,0
DIA,Mistral,mistralai/Mistral-Nemo-Instruct-2407,Medium,16180,List,Few-shot-rag,8,5.65,0.0,1.5542,0.6556,0.5143,0.5625,0.5373,90,0
DIA,Mistral,mistralai/Mistral-Nemo-Instruct-2407,Medium,27182,Text,Few-shot-rag,1,5.65,0.0,0.726,0.6222,0.4651,0.6452,0.5405,90,0
DIA,Mistral,mistralai/Mistral-Nemo-Instruct-2407,Medium,11235,Text,Few-shot-rag,1,5.65,0.0,0.7254,0.6,0.4583,0.6875,0.55,90,0
DIA,Mistral,mistralai/Mistral-Nemo-Instruct-2407,Medium,16180,Text,Few-shot-rag,1,5.65,0.0,0.726,0.6333,0.4865,0.5625,0.5217,90,0
DIA,Mistral,mistralai/Mistral-Nemo-Instruct-2407,Medium,27182,Text,Few-shot-rag,2,5.65,0.0,0.84,0.5889,0.4286,0.5806,0.4932,90,0
DIA,Mistral,mistralai/Mistral-Nemo-Instruct-2407,Medium,11235,Text,Few-shot-rag,2,5.65,0.0,0.8361,0.5222,0.3922,0.625,0.4819,90,0
DIA,Mistral,mistralai/Mistral-Nemo-Instruct-2407,Medium,16180,Text,Few-shot-rag,2,5.65,0.0,0.8403,0.6444,0.5,0.6875,0.5789,90,0
DIA,Mistral,mistralai/Mistral-Nemo-Instruct-2407,Medium,27182,Text,Few-shot-rag,4,5.65,0.0,1.1032,0.5778,0.434,0.7419,0.5476,90,0
DIA,Mistral,mistralai/Mistral-Nemo-Instruct-2407,Medium,11235,Text,Few-shot-rag,4,5.65,0.0,1.0987,0.5556,0.4231,0.6875,0.5238,90,0
DIA,Mistral,mistralai/Mistral-Nemo-Instruct-2407,Medium,16180,Text,Few-shot-rag,4,5.65,0.0,1.1024,0.6222,0.48,0.75,0.5854,90,0
DIA,Mistral,mistralai/Mistral-Nemo-Instruct-2407,Medium,27182,Text,Few-shot-rag,8,5.65,0.0,1.5646,0.6111,0.4565,0.6774,0.5455,90,0
DIA,Mistral,mistralai/Mistral-Nemo-Instruct-2407,Medium,11235,Text,Few-shot-rag,8,5.65,0.0,1.5524,0.6111,0.4706,0.75,0.5783,90,0
DIA,Mistral,mistralai/Mistral-Nemo-Instruct-2407,Medium,16180,Text,Few-shot-rag,8,5.65,0.0,1.5624,0.6222,0.475,0.5938,0.5278,90,0
DIA,Mistral,mistralai/Mixtral-8x7B-Instruct-v0.1,Large,27182,List,Few-shot-rag,1,13.08,0.0,1.8687,0.5977,0.4444,0.6667,0.5333,90,3
DIA,Mistral,mistralai/Mixtral-8x7B-Instruct-v0.1,Large,11235,List,Few-shot-rag,1,13.08,0.0,1.8941,0.6395,0.5,0.7742,0.6076,90,4
DIA,Mistral,mistralai/Mixtral-8x7B-Instruct-v0.1,Large,16180,List,Few-shot-rag,1,13.08,0.0,1.8152,0.6744,0.5405,0.6452,0.5882,90,4
DIA,Mistral,mistralai/Mixtral-8x7B-Instruct-v0.1,Large,27182,List,Few-shot-rag,2,13.08,0.0,1.9743,0.5056,0.375,0.7,0.4884,90,1
DIA,Mistral,mistralai/Mixtral-8x7B-Instruct-v0.1,Large,11235,List,Few-shot-rag,2,13.08,0.0,1.9457,0.6111,0.4727,0.8125,0.5977,90,0
DIA,Mistral,mistralai/Mixtral-8x7B-Instruct-v0.1,Large,16180,List,Few-shot-rag,2,13.08,0.0,2.0005,0.6207,0.4565,0.7241,0.56,90,3
DIA,Mistral,mistralai/Mixtral-8x7B-Instruct-v0.1,Large,27182,List,Few-shot-rag,4,13.08,0.0,2.2183,0.5333,0.4127,0.8387,0.5532,90,0
DIA,Mistral,mistralai/Mixtral-8x7B-Instruct-v0.1,Large,11235,List,Few-shot-rag,4,13.08,0.0,2.2153,0.5667,0.4426,0.8438,0.5806,90,0
DIA,Mistral,mistralai/Mixtral-8x7B-Instruct-v0.1,Large,16180,List,Few-shot-rag,4,13.08,0.0,2.2177,0.5889,0.4561,0.8125,0.5843,90,0
DIA,Mistral,mistralai/Mixtral-8x7B-Instruct-v0.1,Large,27182,List,Few-shot-rag,8,13.08,0.0,2.7773,0.4222,0.3636,0.9032,0.5185,90,0
DIA,Mistral,mistralai/Mixtral-8x7B-Instruct-v0.1,Large,11235,List,Few-shot-rag,8,13.08,0.0,2.773,0.5333,0.4286,0.9375,0.5882,90,0
DIA,Mistral,mistralai/Mixtral-8x7B-Instruct-v0.1,Large,16180,List,Few-shot-rag,8,13.08,0.0,2.7767,0.5222,0.4127,0.8125,0.5474,90,0
DIA,Mistral,mistralai/Mixtral-8x7B-Instruct-v0.1,Large,27182,Text,Few-shot-rag,1,13.08,0.0,1.892,0.6163,0.4565,0.7241,0.56,90,4
DIA,Mistral,mistralai/Mixtral-8x7B-Instruct-v0.1,Large,11235,Text,Few-shot-rag,1,13.08,0.0,1.8909,0.6667,0.5333,0.75,0.6234,90,3
DIA,Mistral,mistralai/Mixtral-8x7B-Instruct-v0.1,Large,16180,Text,Few-shot-rag,1,13.08,0.0,1.8921,0.6897,0.5526,0.6774,0.6087,90,3
DIA,Mistral,mistralai/Mixtral-8x7B-Instruct-v0.1,Large,27182,Text,Few-shot-rag,2,13.08,0.0,1.9734,0.5393,0.4107,0.7419,0.5287,90,1
DIA,Mistral,mistralai/Mixtral-8x7B-Instruct-v0.1,Large,11235,Text,Few-shot-rag,2,13.08,0.0,1.9978,0.5909,0.463,0.7812,0.5814,90,2
DIA,Mistral,mistralai/Mixtral-8x7B-Instruct-v0.1,Large,16180,Text,Few-shot-rag,2,13.08,0.0,1.9729,0.618,0.48,0.75,0.5854,90,1
DIA,Mistral,mistralai/Mixtral-8x7B-Instruct-v0.1,Large,27182,Text,Few-shot-rag,4,13.08,0.0,2.2172,0.4667,0.3768,0.8387,0.52,90,0
DIA,Mistral,mistralai/Mixtral-8x7B-Instruct-v0.1,Large,11235,Text,Few-shot-rag,4,13.08,0.0,2.2146,0.5333,0.4194,0.8125,0.5532,90,0
DIA,Mistral,mistralai/Mixtral-8x7B-Instruct-v0.1,Large,16180,Text,Few-shot-rag,4,13.08,0.0,2.2168,0.6,0.4615,0.75,0.5714,90,0
DIA,Mistral,mistralai/Mixtral-8x7B-Instruct-v0.1,Large,27182,Text,Few-shot-rag,8,13.08,0.0,2.7712,0.4333,0.3649,0.871,0.5143,90,0
DIA,Mistral,mistralai/Mixtral-8x7B-Instruct-v0.1,Large,11235,Text,Few-shot-rag,8,13.08,0.0,2.7656,0.4667,0.3889,0.875,0.5385,90,0
DIA,Mistral,mistralai/Mixtral-8x7B-Instruct-v0.1,Large,16180,Text,Few-shot-rag,8,13.08,0.0,2.7709,0.5444,0.4286,0.8438,0.5684,90,0
Heart,DeepSeek,deepseek-ai/deepseek-llm-7b-chat,Small,27182,List,Few-shot-rag,1,4.25,0.0,0.3149,0.3556,0.3333,1.0,0.5,90,0
Heart,DeepSeek,deepseek-ai/deepseek-llm-7b-chat,Small,11235,List,Few-shot-rag,1,4.25,0.0,0.3141,0.3444,0.3295,1.0,0.4957,90,0
Heart,DeepSeek,deepseek-ai/deepseek-llm-7b-chat,Small,16180,List,Few-shot-rag,1,4.25,0.0,0.3145,0.3444,0.3295,1.0,0.4957,90,0
Heart,DeepSeek,deepseek-ai/deepseek-llm-7b-chat,Small,27182,List,Few-shot-rag,2,4.25,0.0,0.3563,0.4,0.3457,0.9655,0.5091,90,0
Heart,DeepSeek,deepseek-ai/deepseek-llm-7b-chat,Small,11235,List,Few-shot-rag,2,4.25,0.0,0.3562,0.3556,0.3294,0.9655,0.4912,90,0
Heart,DeepSeek,deepseek-ai/deepseek-llm-7b-chat,Small,16180,List,Few-shot-rag,2,4.25,0.0,0.3563,0.3667,0.3333,0.9655,0.4956,90,0
Heart,DeepSeek,deepseek-ai/deepseek-llm-7b-chat,Small,27182,List,Few-shot-rag,4,4.25,0.0,0.4345,0.5333,0.403,0.931,0.5625,90,0
Heart,DeepSeek,deepseek-ai/deepseek-llm-7b-chat,Small,11235,List,Few-shot-rag,4,4.25,0.0,0.4346,0.5111,0.3846,0.8621,0.5319,90,0
Heart,DeepSeek,deepseek-ai/deepseek-llm-7b-chat,Small,16180,List,Few-shot-rag,4,4.25,0.0,0.4344,0.5444,0.4091,0.931,0.5684,90,0
Heart,DeepSeek,deepseek-ai/deepseek-llm-7b-chat,Small,27182,List,Few-shot-rag,8,4.25,0.0,0.6041,0.7111,0.5366,0.7586,0.6286,90,0
Heart,DeepSeek,deepseek-ai/deepseek-llm-7b-chat,Small,11235,List,Few-shot-rag,8,4.25,0.0,0.604,0.6778,0.5,0.7931,0.6133,90,0
Heart,DeepSeek,deepseek-ai/deepseek-llm-7b-chat,Small,16180,List,Few-shot-rag,8,4.25,0.0,0.6043,0.6556,0.4792,0.7931,0.5974,90,0
Heart,DeepSeek,deepseek-ai/deepseek-llm-7b-chat,Small,27182,Text,Few-shot-rag,1,4.25,0.0,0.3132,0.3556,0.3294,0.9655,0.4912,90,0
Heart,DeepSeek,deepseek-ai/deepseek-llm-7b-chat,Small,11235,Text,Few-shot-rag,1,4.25,0.0,0.3136,0.3222,0.3182,0.9655,0.4786,90,0
Heart,DeepSeek,deepseek-ai/deepseek-llm-7b-chat,Small,16180,Text,Few-shot-rag,1,4.25,0.0,0.3136,0.3444,0.3256,0.9655,0.487,90,0
Heart,DeepSeek,deepseek-ai/deepseek-llm-7b-chat,Small,27182,Text,Few-shot-rag,2,4.25,0.0,0.3557,0.3778,0.3412,1.0,0.5088,90,0
Heart,DeepSeek,deepseek-ai/deepseek-llm-7b-chat,Small,11235,Text,Few-shot-rag,2,4.25,0.0,0.3558,0.3222,0.314,0.931,0.4696,90,0
Heart,DeepSeek,deepseek-ai/deepseek-llm-7b-chat,Small,16180,Text,Few-shot-rag,2,4.25,0.0,0.3558,0.3889,0.3452,1.0,0.5133,90,0
Heart,DeepSeek,deepseek-ai/deepseek-llm-7b-chat,Small,27182,Text,Few-shot-rag,4,4.25,0.0,0.4333,0.5889,0.4286,0.8276,0.5647,90,0
Heart,DeepSeek,deepseek-ai/deepseek-llm-7b-chat,Small,11235,Text,Few-shot-rag,4,4.25,0.0,0.4335,0.4778,0.3636,0.8276,0.5053,90,0
Heart,DeepSeek,deepseek-ai/deepseek-llm-7b-chat,Small,16180,Text,Few-shot-rag,4,4.25,0.0,0.4339,0.4333,0.3382,0.7931,0.4742,90,0
Heart,DeepSeek,deepseek-ai/deepseek-llm-7b-chat,Small,27182,Text,Few-shot-rag,8,4.25,0.0,0.6021,0.6444,0.4595,0.5862,0.5152,90,0
Heart,DeepSeek,deepseek-ai/deepseek-llm-7b-chat,Small,11235,Text,Few-shot-rag,8,4.25,0.0,0.6024,0.6556,0.4773,0.7241,0.5753,90,0
Heart,DeepSeek,deepseek-ai/deepseek-llm-7b-chat,Small,16180,Text,Few-shot-rag,8,4.25,0.0,0.6023,0.5778,0.4118,0.7241,0.525,90,0
Heart,DeepSeek,deepseek-ai/DeepSeek-Coder-V2-Lite-Instruct,Medium,27182,List,Few-shot-rag,1,6.08,0.0,0.4142,0.7556,0.6842,0.4483,0.5417,90,0
Heart,DeepSeek,deepseek-ai/DeepSeek-Coder-V2-Lite-Instruct,Medium,11235,List,Few-shot-rag,1,6.08,0.0,0.4137,0.7,0.55,0.3793,0.449,90,0
Heart,DeepSeek,deepseek-ai/DeepSeek-Coder-V2-Lite-Instruct,Medium,16180,List,Few-shot-rag,1,6.08,0.0,0.4141,0.6778,0.5,0.3448,0.4082,90,0
Heart,DeepSeek,deepseek-ai/DeepSeek-Coder-V2-Lite-Instruct,Medium,27182,List,Few-shot-rag,2,6.08,0.0,0.4361,0.7556,0.6842,0.4483,0.5417,90,0
Heart,DeepSeek,deepseek-ai/DeepSeek-Coder-V2-Lite-Instruct,Medium,11235,List,Few-shot-rag,2,6.08,0.0,0.4356,0.7,0.5556,0.3448,0.4255,90,0
Heart,DeepSeek,deepseek-ai/DeepSeek-Coder-V2-Lite-Instruct,Medium,16180,List,Few-shot-rag,2,6.08,0.0,0.4362,0.6889,0.5294,0.3103,0.3913,90,0
Heart,DeepSeek,deepseek-ai/DeepSeek-Coder-V2-Lite-Instruct,Medium,27182,List,Few-shot-rag,4,6.08,0.0,0.4772,0.7111,0.6364,0.2414,0.35,90,0
Heart,DeepSeek,deepseek-ai/DeepSeek-Coder-V2-Lite-Instruct,Medium,11235,List,Few-shot-rag,4,6.08,0.0,0.4772,0.6667,0.4615,0.2069,0.2857,90,0
Heart,DeepSeek,deepseek-ai/DeepSeek-Coder-V2-Lite-Instruct,Medium,16180,List,Few-shot-rag,4,6.08,0.0,0.4783,0.7111,0.6364,0.2414,0.35,90,0
Heart,DeepSeek,deepseek-ai/DeepSeek-Coder-V2-Lite-Instruct,Medium,27182,List,Few-shot-rag,8,6.08,0.0,0.5571,0.7222,0.75,0.2069,0.3243,90,0
Heart,DeepSeek,deepseek-ai/DeepSeek-Coder-V2-Lite-Instruct,Medium,11235,List,Few-shot-rag,8,6.08,0.0,0.5573,0.6444,0.3333,0.1034,0.1579,90,0
Heart,DeepSeek,deepseek-ai/DeepSeek-Coder-V2-Lite-Instruct,Medium,16180,List,Few-shot-rag,8,6.08,0.0,0.5579,0.6889,0.6,0.1034,0.1765,90,0
Heart,DeepSeek,deepseek-ai/DeepSeek-Coder-V2-Lite-Instruct,Medium,27182,Text,Few-shot-rag,1,6.08,0.0,0.4148,0.7444,0.7143,0.3448,0.4651,90,0
Heart,DeepSeek,deepseek-ai/DeepSeek-Coder-V2-Lite-Instruct,Medium,11235,Text,Few-shot-rag,1,6.08,0.0,0.4129,0.6667,0.4615,0.2069,0.2857,90,0
Heart,DeepSeek,deepseek-ai/DeepSeek-Coder-V2-Lite-Instruct,Medium,16180,Text,Few-shot-rag,1,6.08,0.0,0.4134,0.7111,0.5882,0.3448,0.4348,90,0
Heart,DeepSeek,deepseek-ai/DeepSeek-Coder-V2-Lite-Instruct,Medium,27182,Text,Few-shot-rag,2,6.08,0.0,0.4358,0.7444,0.6875,0.3793,0.4889,90,0
Heart,DeepSeek,deepseek-ai/DeepSeek-Coder-V2-Lite-Instruct,Medium,11235,Text,Few-shot-rag,2,6.08,0.0,0.4378,0.6778,0.5,0.2759,0.3556,90,0
Heart,DeepSeek,deepseek-ai/DeepSeek-Coder-V2-Lite-Instruct,Medium,16180,Text,Few-shot-rag,2,6.08,0.0,0.4357,0.6889,0.5294,0.3103,0.3913,90,0
Heart,DeepSeek,deepseek-ai/DeepSeek-Coder-V2-Lite-Instruct,Medium,27182,Text,Few-shot-rag,4,6.08,0.0,0.4764,0.7444,0.8,0.2759,0.4103,90,0
Heart,DeepSeek,deepseek-ai/DeepSeek-Coder-V2-Lite-Instruct,Medium,11235,Text,Few-shot-rag,4,6.08,0.0,0.4771,0.6778,0.5,0.2069,0.2927,90,0
Heart,DeepSeek,deepseek-ai/DeepSeek-Coder-V2-Lite-Instruct,Medium,16180,Text,Few-shot-rag,4,6.08,0.0,0.4765,0.6556,0.4,0.1379,0.2051,90,0
Heart,DeepSeek,deepseek-ai/DeepSeek-Coder-V2-Lite-Instruct,Medium,27182,Text,Few-shot-rag,8,6.08,0.0,0.5554,0.7333,1.0,0.1724,0.2941,90,0
Heart,DeepSeek,deepseek-ai/DeepSeek-Coder-V2-Lite-Instruct,Medium,11235,Text,Few-shot-rag,8,6.08,0.0,0.5554,0.6889,0.5556,0.1724,0.2632,90,0
Heart,DeepSeek,deepseek-ai/DeepSeek-Coder-V2-Lite-Instruct,Medium,16180,Text,Few-shot-rag,8,6.08,0.0,0.5552,0.6778,0.5,0.1034,0.1714,90,0
Heart,DeepSeek,deepseek-ai/deepseek-llm-67b-chat,Large,27182,List,Few-shot-rag,1,16.73,0.0,2.6608,0.6667,0.4865,0.6207,0.5455,90,0
Heart,DeepSeek,deepseek-ai/deepseek-llm-67b-chat,Large,11235,List,Few-shot-rag,1,16.73,0.0,2.6564,0.6889,0.5143,0.6207,0.5625,90,0
Heart,DeepSeek,deepseek-ai/deepseek-llm-67b-chat,Large,16180,List,Few-shot-rag,1,16.73,0.0,2.6572,0.6222,0.4419,0.6552,0.5278,90,0
Heart,DeepSeek,deepseek-ai/deepseek-llm-67b-chat,Large,27182,List,Few-shot-rag,2,16.73,0.0,2.9582,0.6889,0.5135,0.6552,0.5758,90,0
Heart,DeepSeek,deepseek-ai/deepseek-llm-67b-chat,Large,11235,List,Few-shot-rag,2,16.73,0.0,2.9599,0.7444,0.5882,0.6897,0.6349,90,0
Heart,DeepSeek,deepseek-ai/deepseek-llm-67b-chat,Large,16180,List,Few-shot-rag,2,16.73,0.0,2.9598,0.6889,0.5128,0.6897,0.5882,90,0
Heart,DeepSeek,deepseek-ai/deepseek-llm-67b-chat,Large,27182,List,Few-shot-rag,4,16.73,0.0,3.5617,0.7222,0.5556,0.6897,0.6154,90,0
Heart,DeepSeek,deepseek-ai/deepseek-llm-67b-chat,Large,11235,List,Few-shot-rag,4,16.73,0.0,3.562,0.6889,0.5128,0.6897,0.5882,90,0
Heart,DeepSeek,deepseek-ai/deepseek-llm-67b-chat,Large,16180,List,Few-shot-rag,4,16.73,0.0,3.5609,0.6778,0.5,0.6552,0.5672,90,0
Heart,DeepSeek,deepseek-ai/deepseek-llm-67b-chat,Large,27182,List,Few-shot-rag,8,16.73,0.0,5.0348,0.7222,0.5588,0.6552,0.6032,90,0
Heart,DeepSeek,deepseek-ai/deepseek-llm-67b-chat,Large,11235,List,Few-shot-rag,8,16.73,0.0,5.0305,0.7667,0.6176,0.7241,0.6667,90,0
Heart,DeepSeek,deepseek-ai/deepseek-llm-67b-chat,Large,16180,List,Few-shot-rag,8,16.73,0.0,5.0312,0.7,0.5278,0.6552,0.5846,90,0
Heart,DeepSeek,deepseek-ai/deepseek-llm-67b-chat,Large,27182,Text,Few-shot-rag,1,16.73,0.0,2.6497,0.6333,0.4474,0.5862,0.5075,90,0
Heart,DeepSeek,deepseek-ai/deepseek-llm-67b-chat,Large,11235,Text,Few-shot-rag,1,16.73,0.0,2.6511,0.7,0.5238,0.7586,0.6197,90,0
Heart,DeepSeek,deepseek-ai/deepseek-llm-67b-chat,Large,16180,Text,Few-shot-rag,1,16.73,0.0,2.6513,0.6667,0.4884,0.7241,0.5833,90,0
Heart,DeepSeek,deepseek-ai/deepseek-llm-67b-chat,Large,27182,Text,Few-shot-rag,2,16.73,0.0,2.9606,0.7111,0.5405,0.6897,0.6061,90,0
Heart,DeepSeek,deepseek-ai/deepseek-llm-67b-chat,Large,11235,Text,Few-shot-rag,2,16.73,0.0,2.9625,0.7111,0.5385,0.7241,0.6176,90,0
Heart,DeepSeek,deepseek-ai/deepseek-llm-67b-chat,Large,16180,Text,Few-shot-rag,2,16.73,0.0,2.9616,0.6444,0.4634,0.6552,0.5429,90,0
Heart,DeepSeek,deepseek-ai/deepseek-llm-67b-chat,Large,27182,Text,Few-shot-rag,4,16.73,0.0,3.5446,0.7222,0.5588,0.6552,0.6032,90,0
Heart,DeepSeek,deepseek-ai/deepseek-llm-67b-chat,Large,11235,Text,Few-shot-rag,4,16.73,0.0,3.5425,0.7222,0.5588,0.6552,0.6032,90,0
Heart,DeepSeek,deepseek-ai/deepseek-llm-67b-chat,Large,16180,Text,Few-shot-rag,4,16.73,0.0,3.5485,0.6889,0.5122,0.7241,0.6,90,0
Heart,DeepSeek,deepseek-ai/deepseek-llm-67b-chat,Large,27182,Text,Few-shot-rag,8,16.73,0.0,4.9859,0.7667,0.625,0.6897,0.6557,90,0
Heart,DeepSeek,deepseek-ai/deepseek-llm-67b-chat,Large,11235,Text,Few-shot-rag,8,16.73,0.0,4.9699,0.7333,0.5926,0.5517,0.5714,90,0
Heart,DeepSeek,deepseek-ai/deepseek-llm-67b-chat,Large,16180,Text,Few-shot-rag,8,16.73,0.0,4.9834,0.7,0.5278,0.6552,0.5846,90,0
Cancer,DeepSeek,deepseek-ai/deepseek-llm-7b-chat,Small,27182,List,Few-shot-rag,1,4.53,0.0,0.3766,0.6,0.5862,0.8947,0.7083,35,0
Cancer,DeepSeek,deepseek-ai/deepseek-llm-7b-chat,Small,11235,List,Few-shot-rag,1,4.53,0.0,0.3615,0.6,0.6,0.7895,0.6818,35,0
Cancer,DeepSeek,deepseek-ai/deepseek-llm-7b-chat,Small,16180,List,Few-shot-rag,1,4.53,0.0,0.3614,0.6857,0.7,0.7368,0.7179,35,0
Cancer,DeepSeek,deepseek-ai/deepseek-llm-7b-chat,Small,27182,List,Few-shot-rag,2,4.53,0.0,0.4002,0.6857,0.6538,0.8947,0.7556,35,0
Cancer,DeepSeek,deepseek-ai/deepseek-llm-7b-chat,Small,11235,List,Few-shot-rag,2,4.53,0.0,0.4009,0.6857,0.6429,0.9474,0.766,35,0
Cancer,DeepSeek,deepseek-ai/deepseek-llm-7b-chat,Small,16180,List,Few-shot-rag,2,4.53,0.0,0.4005,0.7143,0.6552,1.0,0.7917,35,0
Cancer,DeepSeek,deepseek-ai/deepseek-llm-7b-chat,Small,27182,List,Few-shot-rag,4,4.53,0.0,0.4943,0.6571,0.6522,0.7895,0.7143,35,0
Cancer,DeepSeek,deepseek-ai/deepseek-llm-7b-chat,Small,11235,List,Few-shot-rag,4,4.53,0.0,0.495,0.7714,0.7037,1.0,0.8261,35,0
Cancer,DeepSeek,deepseek-ai/deepseek-llm-7b-chat,Small,16180,List,Few-shot-rag,4,4.53,0.0,0.4929,0.7143,0.68,0.8947,0.7727,35,0
Cancer,DeepSeek,deepseek-ai/deepseek-llm-7b-chat,Small,27182,List,Few-shot-rag,8,4.53,0.0,0.6587,0.6,0.5806,0.9474,0.72,35,0
Cancer,DeepSeek,deepseek-ai/deepseek-llm-7b-chat,Small,11235,List,Few-shot-rag,8,4.53,0.0,0.6592,0.6857,0.6333,1.0,0.7755,35,0
Cancer,DeepSeek,deepseek-ai/deepseek-llm-7b-chat,Small,16180,List,Few-shot-rag,8,4.53,0.0,0.6591,0.6,0.5806,0.9474,0.72,35,0
Cancer,DeepSeek,deepseek-ai/deepseek-llm-7b-chat,Small,27182,Text,Few-shot-rag,1,4.53,0.0,0.3607,0.5714,0.5769,0.7895,0.6667,35,0
Cancer,DeepSeek,deepseek-ai/deepseek-llm-7b-chat,Small,11235,Text,Few-shot-rag,1,4.53,0.0,0.3607,0.7143,0.6957,0.8421,0.7619,35,0
Cancer,DeepSeek,deepseek-ai/deepseek-llm-7b-chat,Small,16180,Text,Few-shot-rag,1,4.53,0.0,0.361,0.6571,0.6522,0.7895,0.7143,35,0
Cancer,DeepSeek,deepseek-ai/deepseek-llm-7b-chat,Small,27182,Text,Few-shot-rag,2,4.53,0.0,0.3961,0.6286,0.6154,0.8421,0.7111,35,0
Cancer,DeepSeek,deepseek-ai/deepseek-llm-7b-chat,Small,11235,Text,Few-shot-rag,2,4.53,0.0,0.3961,0.6857,0.6667,0.8421,0.7442,35,0
Cancer,DeepSeek,deepseek-ai/deepseek-llm-7b-chat,Small,16180,Text,Few-shot-rag,2,4.53,0.0,0.3963,0.6571,0.6522,0.7895,0.7143,35,0
Cancer,DeepSeek,deepseek-ai/deepseek-llm-7b-chat,Small,27182,Text,Few-shot-rag,4,4.53,0.0,0.4919,0.6,0.6,0.7895,0.6818,35,0
Cancer,DeepSeek,deepseek-ai/deepseek-llm-7b-chat,Small,11235,Text,Few-shot-rag,4,4.53,0.0,0.4911,0.7714,0.72,0.9474,0.8182,35,0
Cancer,DeepSeek,deepseek-ai/deepseek-llm-7b-chat,Small,16180,Text,Few-shot-rag,4,4.53,0.0,0.4916,0.6857,0.6818,0.7895,0.7317,35,0
Cancer,DeepSeek,deepseek-ai/deepseek-llm-7b-chat,Small,27182,Text,Few-shot-rag,8,4.53,0.0,0.6479,0.6,0.5806,0.9474,0.72,35,0
Cancer,DeepSeek,deepseek-ai/deepseek-llm-7b-chat,Small,11235,Text,Few-shot-rag,8,4.53,0.0,0.6489,0.6286,0.6,0.9474,0.7347,35,0
Cancer,DeepSeek,deepseek-ai/deepseek-llm-7b-chat,Small,16180,Text,Few-shot-rag,8,4.53,0.0,0.6494,0.6286,0.6,0.9474,0.7347,35,0
Cancer,DeepSeek,deepseek-ai/DeepSeek-Coder-V2-Lite-Instruct,Medium,27182,List,Few-shot-rag,1,6.32,0.0,0.6603,0.5143,0.5417,0.6842,0.6047,35,0
Cancer,DeepSeek,deepseek-ai/DeepSeek-Coder-V2-Lite-Instruct,Medium,11235,List,Few-shot-rag,1,6.32,0.0,0.6498,0.6857,0.6667,0.8421,0.7442,35,0
Cancer,DeepSeek,deepseek-ai/DeepSeek-Coder-V2-Lite-Instruct,Medium,16180,List,Few-shot-rag,1,6.32,0.0,0.6628,0.5714,0.5833,0.7368,0.6512,35,0
Cancer,DeepSeek,deepseek-ai/DeepSeek-Coder-V2-Lite-Instruct,Medium,27182,List,Few-shot-rag,2,6.32,0.0,0.5659,0.5714,0.5833,0.7368,0.6512,35,0
Cancer,DeepSeek,deepseek-ai/DeepSeek-Coder-V2-Lite-Instruct,Medium,11235,List,Few-shot-rag,2,6.32,0.0,0.6141,0.7429,0.7083,0.8947,0.7907,35,0
Cancer,DeepSeek,deepseek-ai/DeepSeek-Coder-V2-Lite-Instruct,Medium,16180,List,Few-shot-rag,2,6.32,0.0,0.6083,0.5714,0.5833,0.7368,0.6512,35,0
Cancer,DeepSeek,deepseek-ai/DeepSeek-Coder-V2-Lite-Instruct,Medium,27182,List,Few-shot-rag,4,6.32,0.0,0.5333,0.5143,0.55,0.5789,0.5641,35,0
Cancer,DeepSeek,deepseek-ai/DeepSeek-Coder-V2-Lite-Instruct,Medium,11235,List,Few-shot-rag,4,6.32,0.0,0.5395,0.7429,0.7083,0.8947,0.7907,35,0
Cancer,DeepSeek,deepseek-ai/DeepSeek-Coder-V2-Lite-Instruct,Medium,16180,List,Few-shot-rag,4,6.32,0.0,0.5451,0.6286,0.65,0.6842,0.6667,35,0
Cancer,DeepSeek,deepseek-ai/DeepSeek-Coder-V2-Lite-Instruct,Medium,27182,List,Few-shot-rag,8,6.32,0.0,0.8343,0.6,0.6316,0.6316,0.6316,35,0
Cancer,DeepSeek,deepseek-ai/DeepSeek-Coder-V2-Lite-Instruct,Medium,11235,List,Few-shot-rag,8,6.32,0.0,0.8358,0.7714,0.7391,0.8947,0.8095,35,0
Cancer,DeepSeek,deepseek-ai/DeepSeek-Coder-V2-Lite-Instruct,Medium,16180,List,Few-shot-rag,8,6.32,0.0,0.837,0.6857,0.7222,0.6842,0.7027,35,0
Cancer,DeepSeek,deepseek-ai/DeepSeek-Coder-V2-Lite-Instruct,Medium,27182,Text,Few-shot-rag,1,6.32,0.0,0.4663,0.5143,0.5417,0.6842,0.6047,35,0
Cancer,DeepSeek,deepseek-ai/DeepSeek-Coder-V2-Lite-Instruct,Medium,11235,Text,Few-shot-rag,1,6.32,0.0,0.4658,0.6571,0.6667,0.7368,0.7,35,0
Cancer,DeepSeek,deepseek-ai/DeepSeek-Coder-V2-Lite-Instruct,Medium,16180,Text,Few-shot-rag,1,6.32,0.0,0.4666,0.6,0.6087,0.7368,0.6667,35,0
Cancer,DeepSeek,deepseek-ai/DeepSeek-Coder-V2-Lite-Instruct,Medium,27182,Text,Few-shot-rag,2,6.32,0.0,0.4921,0.5143,0.5417,0.6842,0.6047,35,0
Cancer,DeepSeek,deepseek-ai/DeepSeek-Coder-V2-Lite-Instruct,Medium,11235,Text,Few-shot-rag,2,6.32,0.0,0.4917,0.6857,0.7,0.7368,0.7179,35,0
Cancer,DeepSeek,deepseek-ai/DeepSeek-Coder-V2-Lite-Instruct,Medium,16180,Text,Few-shot-rag,2,6.32,0.0,0.4914,0.6286,0.625,0.7895,0.6977,35,0
Cancer,DeepSeek,deepseek-ai/DeepSeek-Coder-V2-Lite-Instruct,Medium,27182,Text,Few-shot-rag,4,6.32,0.0,0.5325,0.5714,0.5909,0.6842,0.6341,35,0
Cancer,DeepSeek,deepseek-ai/DeepSeek-Coder-V2-Lite-Instruct,Medium,11235,Text,Few-shot-rag,4,6.32,0.0,0.5324,0.6857,0.6818,0.7895,0.7317,35,0
Cancer,DeepSeek,deepseek-ai/DeepSeek-Coder-V2-Lite-Instruct,Medium,16180,Text,Few-shot-rag,4,6.32,0.0,0.5332,0.6286,0.65,0.6842,0.6667,35,0
Cancer,DeepSeek,deepseek-ai/DeepSeek-Coder-V2-Lite-Instruct,Medium,27182,Text,Few-shot-rag,8,6.32,0.0,0.6157,0.5429,0.5882,0.5263,0.5556,35,0
Cancer,DeepSeek,deepseek-ai/DeepSeek-Coder-V2-Lite-Instruct,Medium,11235,Text,Few-shot-rag,8,6.32,0.0,0.6167,0.7143,0.7143,0.7895,0.75,35,0
Cancer,DeepSeek,deepseek-ai/DeepSeek-Coder-V2-Lite-Instruct,Medium,16180,Text,Few-shot-rag,8,6.32,0.0,0.6171,0.5429,0.6,0.4737,0.5294,35,0
Cancer,DeepSeek,deepseek-ai/deepseek-llm-67b-chat,Large,27182,List,Few-shot-rag,1,17.21,0.0,2.9701,0.5143,0.5556,0.5263,0.5405,35,0
Cancer,DeepSeek,deepseek-ai/deepseek-llm-67b-chat,Large,11235,List,Few-shot-rag,1,17.21,0.0,2.9723,0.5143,0.5625,0.4737,0.5143,35,0
Cancer,DeepSeek,deepseek-ai/deepseek-llm-67b-chat,Large,16180,List,Few-shot-rag,1,17.21,0.0,2.9706,0.6857,0.7857,0.5789,0.6667,35,0
Cancer,DeepSeek,deepseek-ai/deepseek-llm-67b-chat,Large,27182,List,Few-shot-rag,2,17.21,0.0,3.2401,0.6,0.619,0.6842,0.65,35,0
Cancer,DeepSeek,deepseek-ai/deepseek-llm-67b-chat,Large,11235,List,Few-shot-rag,2,17.21,0.0,3.253,0.6571,0.6667,0.7368,0.7,35,0
Cancer,DeepSeek,deepseek-ai/deepseek-llm-67b-chat,Large,16180,List,Few-shot-rag,2,17.21,0.0,3.2489,0.6857,0.7,0.7368,0.7179,35,0
Cancer,DeepSeek,deepseek-ai/deepseek-llm-67b-chat,Large,27182,List,Few-shot-rag,4,17.21,0.0,3.9736,0.6,0.6087,0.7368,0.6667,35,0
Cancer,DeepSeek,deepseek-ai/deepseek-llm-67b-chat,Large,11235,List,Few-shot-rag,4,17.21,0.0,3.9731,0.6857,0.6538,0.8947,0.7556,35,0
Cancer,DeepSeek,deepseek-ai/deepseek-llm-67b-chat,Large,16180,List,Few-shot-rag,4,17.21,0.0,3.9727,0.6,0.5926,0.8421,0.6957,35,0
Cancer,DeepSeek,deepseek-ai/deepseek-llm-67b-chat,Large,27182,List,Few-shot-rag,8,17.21,0.0,5.5517,0.5714,0.5714,0.8421,0.6809,35,0
Cancer,DeepSeek,deepseek-ai/deepseek-llm-67b-chat,Large,11235,List,Few-shot-rag,8,17.21,0.0,5.5502,0.6,0.5862,0.8947,0.7083,35,0
Cancer,DeepSeek,deepseek-ai/deepseek-llm-67b-chat,Large,16180,List,Few-shot-rag,8,17.21,0.0,5.5504,0.5714,0.5667,0.8947,0.6939,35,0
Cancer,DeepSeek,deepseek-ai/deepseek-llm-67b-chat,Large,27182,Text,Few-shot-rag,1,17.21,0.0,2.9664,0.6,0.6087,0.7368,0.6667,35,0
Cancer,DeepSeek,deepseek-ai/deepseek-llm-67b-chat,Large,11235,Text,Few-shot-rag,1,17.21,0.0,2.9664,0.7143,0.7143,0.7895,0.75,35,0
Cancer,DeepSeek,deepseek-ai/deepseek-llm-67b-chat,Large,16180,Text,Few-shot-rag,1,17.21,0.0,2.9665,0.7143,0.6957,0.8421,0.7619,35,0
Cancer,DeepSeek,deepseek-ai/deepseek-llm-67b-chat,Large,27182,Text,Few-shot-rag,2,17.21,0.0,3.1774,0.5714,0.5833,0.7368,0.6512,35,0
Cancer,DeepSeek,deepseek-ai/deepseek-llm-67b-chat,Large,11235,Text,Few-shot-rag,2,17.21,0.0,3.1768,0.6857,0.6667,0.8421,0.7442,35,0
Cancer,DeepSeek,deepseek-ai/deepseek-llm-67b-chat,Large,16180,Text,Few-shot-rag,2,17.21,0.0,3.1766,0.8,0.75,0.9474,0.8372,35,0
Cancer,DeepSeek,deepseek-ai/deepseek-llm-67b-chat,Large,27182,Text,Few-shot-rag,4,17.21,0.0,3.9517,0.6286,0.6071,0.8947,0.7234,35,0
Cancer,DeepSeek,deepseek-ai/deepseek-llm-67b-chat,Large,11235,Text,Few-shot-rag,4,17.21,0.0,3.945,0.6571,0.6296,0.8947,0.7391,35,0
Cancer,DeepSeek,deepseek-ai/deepseek-llm-67b-chat,Large,16180,Text,Few-shot-rag,4,17.21,0.0,3.9484,0.7143,0.6552,1.0,0.7917,35,0
Cancer,DeepSeek,deepseek-ai/deepseek-llm-67b-chat,Large,27182,Text,Few-shot-rag,8,17.21,0.0,5.3438,0.6,0.5862,0.8947,0.7083,35,0
Cancer,DeepSeek,deepseek-ai/deepseek-llm-67b-chat,Large,11235,Text,Few-shot-rag,8,17.21,0.0,5.3613,0.6286,0.6071,0.8947,0.7234,35,0
Cancer,DeepSeek,deepseek-ai/deepseek-llm-67b-chat,Large,16180,Text,Few-shot-rag,8,17.21,0.0,5.3754,0.5714,0.5625,0.9474,0.7059,35,0
DIA,DeepSeek,deepseek-ai/deepseek-llm-7b-chat,Small,27182,List,Few-shot-rag,1,4.36,0.0,0.4716,0.4,0.3425,0.8065,0.4808,90,0
DIA,DeepSeek,deepseek-ai/deepseek-llm-7b-chat,Small,11235,List,Few-shot-rag,1,4.36,0.0,0.4706,0.4556,0.3692,0.75,0.4948,90,0
DIA,DeepSeek,deepseek-ai/deepseek-llm-7b-chat,Small,16180,List,Few-shot-rag,1,4.36,0.0,0.4714,0.5222,0.4127,0.8125,0.5474,90,0
DIA,DeepSeek,deepseek-ai/deepseek-llm-7b-chat,Small,27182,List,Few-shot-rag,2,4.36,0.0,0.5405,0.4889,0.3944,0.9032,0.549,90,0
DIA,DeepSeek,deepseek-ai/deepseek-llm-7b-chat,Small,11235,List,Few-shot-rag,2,4.36,0.0,0.5388,0.5,0.4058,0.875,0.5545,90,0
DIA,DeepSeek,deepseek-ai/deepseek-llm-7b-chat,Small,16180,List,Few-shot-rag,2,4.36,0.0,0.5412,0.5778,0.4516,0.875,0.5957,90,0
DIA,DeepSeek,deepseek-ai/deepseek-llm-7b-chat,Small,27182,List,Few-shot-rag,4,4.36,0.0,0.6992,0.4222,0.3704,0.9677,0.5357,90,0
DIA,DeepSeek,deepseek-ai/deepseek-llm-7b-chat,Small,11235,List,Few-shot-rag,4,4.36,0.0,0.6977,0.4333,0.3797,0.9375,0.5405,90,0
DIA,DeepSeek,deepseek-ai/deepseek-llm-7b-chat,Small,16180,List,Few-shot-rag,4,4.36,0.0,0.6986,0.4333,0.3766,0.9062,0.5321,90,0
DIA,DeepSeek,deepseek-ai/deepseek-llm-7b-chat,Small,27182,List,Few-shot-rag,8,4.36,0.0,1.0057,0.3333,0.3371,0.9677,0.5,90,0
DIA,DeepSeek,deepseek-ai/deepseek-llm-7b-chat,Small,11235,List,Few-shot-rag,8,4.36,0.0,1.0012,0.3556,0.3556,1.0,0.5246,90,0
DIA,DeepSeek,deepseek-ai/deepseek-llm-7b-chat,Small,16180,List,Few-shot-rag,8,4.36,0.0,1.0081,0.3667,0.3563,0.9688,0.521,90,0
DIA,DeepSeek,deepseek-ai/deepseek-llm-7b-chat,Small,27182,Text,Few-shot-rag,1,4.36,0.0,0.4723,0.5667,0.4355,0.871,0.5806,90,0
DIA,DeepSeek,deepseek-ai/deepseek-llm-7b-chat,Small,11235,Text,Few-shot-rag,1,4.36,0.0,0.4716,0.6222,0.4828,0.875,0.6222,90,0
DIA,DeepSeek,deepseek-ai/deepseek-llm-7b-chat,Small,16180,Text,Few-shot-rag,1,4.36,0.0,0.4724,0.5556,0.4333,0.8125,0.5652,90,0
DIA,DeepSeek,deepseek-ai/deepseek-llm-7b-chat,Small,27182,Text,Few-shot-rag,2,4.36,0.0,0.5455,0.4778,0.3889,0.9032,0.5437,90,0
DIA,DeepSeek,deepseek-ai/deepseek-llm-7b-chat,Small,11235,Text,Few-shot-rag,2,4.36,0.0,0.5434,0.4778,0.3913,0.8438,0.5347,90,0
DIA,DeepSeek,deepseek-ai/deepseek-llm-7b-chat,Small,16180,Text,Few-shot-rag,2,4.36,0.0,0.5449,0.6,0.4677,0.9062,0.617,90,0
DIA,DeepSeek,deepseek-ai/deepseek-llm-7b-chat,Small,27182,Text,Few-shot-rag,4,4.36,0.0,0.7022,0.4111,0.3625,0.9355,0.5225,90,0
DIA,DeepSeek,deepseek-ai/deepseek-llm-7b-chat,Small,11235,Text,Few-shot-rag,4,4.36,0.0,0.7005,0.3889,0.3544,0.875,0.5045,90,0
DIA,DeepSeek,deepseek-ai/deepseek-llm-7b-chat,Small,16180,Text,Few-shot-rag,4,4.36,0.0,0.7016,0.4667,0.3857,0.8438,0.5294,90,0
DIA,DeepSeek,deepseek-ai/deepseek-llm-7b-chat,Small,27182,Text,Few-shot-rag,8,4.36,0.0,1.0175,0.3333,0.3371,0.9677,0.5,90,0
DIA,DeepSeek,deepseek-ai/deepseek-llm-7b-chat,Small,11235,Text,Few-shot-rag,8,4.36,0.0,1.0084,0.3333,0.3409,0.9375,0.5,90,0
DIA,DeepSeek,deepseek-ai/deepseek-llm-7b-chat,Small,16180,Text,Few-shot-rag,8,4.36,0.0,1.0184,0.3667,0.3596,1.0,0.5289,90,0
DIA,DeepSeek,deepseek-ai/DeepSeek-Coder-V2-Lite-Instruct,Medium,27182,List,Few-shot-rag,1,6.58,0.0,0.7338,0.7333,0.6522,0.4839,0.5556,90,0
DIA,DeepSeek,deepseek-ai/DeepSeek-Coder-V2-Lite-Instruct,Medium,11235,List,Few-shot-rag,1,6.58,0.0,0.7441,0.7667,0.7391,0.5312,0.6182,90,0
DIA,DeepSeek,deepseek-ai/DeepSeek-Coder-V2-Lite-Instruct,Medium,16180,List,Few-shot-rag,1,6.58,0.0,0.7334,0.6556,0.5238,0.3438,0.4151,90,0
DIA,DeepSeek,deepseek-ai/DeepSeek-Coder-V2-Lite-Instruct,Medium,27182,List,Few-shot-rag,2,6.58,0.0,0.6239,0.7444,0.7857,0.3548,0.4889,90,0
DIA,DeepSeek,deepseek-ai/DeepSeek-Coder-V2-Lite-Instruct,Medium,11235,List,Few-shot-rag,2,6.58,0.0,0.6191,0.7222,0.7692,0.3125,0.4444,90,0
DIA,DeepSeek,deepseek-ai/DeepSeek-Coder-V2-Lite-Instruct,Medium,16180,List,Few-shot-rag,2,6.58,0.0,0.6228,0.6778,0.5714,0.375,0.4528,90,0
DIA,DeepSeek,deepseek-ai/DeepSeek-Coder-V2-Lite-Instruct,Medium,27182,List,Few-shot-rag,4,6.58,0.0,0.6913,0.7222,0.75,0.2903,0.4186,90,0
DIA,DeepSeek,deepseek-ai/DeepSeek-Coder-V2-Lite-Instruct,Medium,11235,List,Few-shot-rag,4,6.58,0.0,0.6847,0.7111,0.875,0.2188,0.35,90,0
DIA,DeepSeek,deepseek-ai/DeepSeek-Coder-V2-Lite-Instruct,Medium,16180,List,Few-shot-rag,4,6.58,0.0,0.6895,0.7111,0.8,0.25,0.381,90,0
DIA,DeepSeek,deepseek-ai/DeepSeek-Coder-V2-Lite-Instruct,Medium,27182,List,Few-shot-rag,8,6.58,0.0,0.8482,0.7,1.0,0.129,0.2286,90,0
DIA,DeepSeek,deepseek-ai/DeepSeek-Coder-V2-Lite-Instruct,Medium,11235,List,Few-shot-rag,8,6.58,0.0,0.8478,0.6667,0.625,0.1562,0.25,90,0
DIA,DeepSeek,deepseek-ai/DeepSeek-Coder-V2-Lite-Instruct,Medium,16180,List,Few-shot-rag,8,6.58,0.0,0.8488,0.6889,0.75,0.1875,0.3,90,0
DIA,DeepSeek,deepseek-ai/DeepSeek-Coder-V2-Lite-Instruct,Medium,27182,Text,Few-shot-rag,1,6.58,0.0,0.5785,0.6556,0.5,0.4194,0.4561,90,0
DIA,DeepSeek,deepseek-ai/DeepSeek-Coder-V2-Lite-Instruct,Medium,11235,Text,Few-shot-rag,1,6.58,0.0,0.5784,0.6778,0.5714,0.375,0.4528,90,0
DIA,DeepSeek,deepseek-ai/DeepSeek-Coder-V2-Lite-Instruct,Medium,16180,Text,Few-shot-rag,1,6.58,0.0,0.5793,0.7111,0.75,0.2812,0.4091,90,0
DIA,DeepSeek,deepseek-ai/DeepSeek-Coder-V2-Lite-Instruct,Medium,27182,Text,Few-shot-rag,2,6.58,0.0,0.6143,0.7111,0.619,0.4194,0.5,90,0
DIA,DeepSeek,deepseek-ai/DeepSeek-Coder-V2-Lite-Instruct,Medium,11235,Text,Few-shot-rag,2,6.58,0.0,0.6155,0.6778,0.6,0.2812,0.383,90,0
DIA,DeepSeek,deepseek-ai/DeepSeek-Coder-V2-Lite-Instruct,Medium,16180,Text,Few-shot-rag,2,6.58,0.0,0.6137,0.6667,0.5833,0.2188,0.3182,90,0
DIA,DeepSeek,deepseek-ai/DeepSeek-Coder-V2-Lite-Instruct,Medium,27182,Text,Few-shot-rag,4,6.58,0.0,0.6927,0.7222,0.875,0.2258,0.359,90,0
DIA,DeepSeek,deepseek-ai/DeepSeek-Coder-V2-Lite-Instruct,Medium,11235,Text,Few-shot-rag,4,6.58,0.0,0.6862,0.7111,0.8,0.25,0.381,90,0
DIA,DeepSeek,deepseek-ai/DeepSeek-Coder-V2-Lite-Instruct,Medium,16180,Text,Few-shot-rag,4,6.58,0.0,0.6872,0.6778,0.6667,0.1875,0.2927,90,0
DIA,DeepSeek,deepseek-ai/DeepSeek-Coder-V2-Lite-Instruct,Medium,27182,Text,Few-shot-rag,8,6.58,0.0,0.8543,0.6556,0.5,0.129,0.2051,90,0
DIA,DeepSeek,deepseek-ai/DeepSeek-Coder-V2-Lite-Instruct,Medium,11235,Text,Few-shot-rag,8,6.58,0.0,0.8525,0.6778,0.7143,0.1562,0.2564,90,0
DIA,DeepSeek,deepseek-ai/DeepSeek-Coder-V2-Lite-Instruct,Medium,16180,Text,Few-shot-rag,8,6.58,0.0,0.859,0.6778,0.8,0.125,0.2162,90,0
DIA,DeepSeek,deepseek-ai/deepseek-llm-67b-chat,Large,27182,List,Few-shot-rag,1,16.51,0.0,3.8117,0.6778,0.5294,0.5806,0.5538,90,0
DIA,DeepSeek,deepseek-ai/deepseek-llm-67b-chat,Large,11235,List,Few-shot-rag,1,16.51,0.0,3.8107,0.6889,0.5556,0.625,0.5882,90,0
DIA,DeepSeek,deepseek-ai/deepseek-llm-67b-chat,Large,16180,List,Few-shot-rag,1,16.51,0.0,3.8113,0.6889,0.5714,0.5,0.5333,90,0
DIA,DeepSeek,deepseek-ai/deepseek-llm-67b-chat,Large,27182,List,Few-shot-rag,2,16.51,0.0,4.3642,0.6111,0.4444,0.5161,0.4776,90,0
DIA,DeepSeek,deepseek-ai/deepseek-llm-67b-chat,Large,11235,List,Few-shot-rag,2,16.51,0.0,4.3497,0.6556,0.5116,0.6875,0.5867,90,0
DIA,DeepSeek,deepseek-ai/deepseek-llm-67b-chat,Large,16180,List,Few-shot-rag,2,16.51,0.0,4.3668,0.6889,0.5556,0.625,0.5882,90,0
DIA,DeepSeek,deepseek-ai/deepseek-llm-67b-chat,Large,27182,List,Few-shot-rag,4,16.51,0.0,5.6957,0.6667,0.5111,0.7419,0.6053,90,0
DIA,DeepSeek,deepseek-ai/deepseek-llm-67b-chat,Large,11235,List,Few-shot-rag,4,16.51,0.0,5.6872,0.6111,0.4681,0.6875,0.557,90,0
DIA,DeepSeek,deepseek-ai/deepseek-llm-67b-chat,Large,16180,List,Few-shot-rag,4,16.51,0.0,5.6965,0.6556,0.5106,0.75,0.6076,90,0
DIA,DeepSeek,deepseek-ai/deepseek-llm-67b-chat,Large,27182,List,Few-shot-rag,8,16.51,0.0001,7.9231,0.5778,0.4186,0.5806,0.4865,90,0
DIA,DeepSeek,deepseek-ai/deepseek-llm-67b-chat,Large,11235,List,Few-shot-rag,8,16.51,0.0001,7.9013,0.6556,0.5116,0.6875,0.5867,90,0
DIA,DeepSeek,deepseek-ai/deepseek-llm-67b-chat,Large,16180,List,Few-shot-rag,8,16.51,0.0,7.9254,0.7444,0.6364,0.6562,0.6462,90,0
DIA,DeepSeek,deepseek-ai/deepseek-llm-67b-chat,Large,27182,Text,Few-shot-rag,1,16.51,0.0,3.8165,0.6889,0.5484,0.5484,0.5484,90,0
DIA,DeepSeek,deepseek-ai/deepseek-llm-67b-chat,Large,11235,Text,Few-shot-rag,1,16.51,0.0,3.8145,0.7,0.5714,0.625,0.597,90,0
DIA,DeepSeek,deepseek-ai/deepseek-llm-67b-chat,Large,16180,Text,Few-shot-rag,1,16.51,0.0,3.816,0.7444,0.6667,0.5625,0.6102,90,0
DIA,DeepSeek,deepseek-ai/deepseek-llm-67b-chat,Large,27182,Text,Few-shot-rag,2,16.51,0.0,4.385,0.6556,0.5,0.5806,0.5373,90,0
DIA,DeepSeek,deepseek-ai/deepseek-llm-67b-chat,Large,11235,Text,Few-shot-rag,2,16.51,0.0,4.371,0.6111,0.4615,0.5625,0.507,90,0
DIA,DeepSeek,deepseek-ai/deepseek-llm-67b-chat,Large,16180,Text,Few-shot-rag,2,16.51,0.0,4.3851,0.6667,0.5333,0.5,0.5161,90,0
DIA,DeepSeek,deepseek-ai/deepseek-llm-67b-chat,Large,27182,Text,Few-shot-rag,4,16.51,0.0,5.7126,0.6,0.4528,0.7742,0.5714,90,0
DIA,DeepSeek,deepseek-ai/deepseek-llm-67b-chat,Large,11235,Text,Few-shot-rag,4,16.51,0.0,5.6968,0.5333,0.4,0.625,0.4878,90,0
DIA,DeepSeek,deepseek-ai/deepseek-llm-67b-chat,Large,16180,Text,Few-shot-rag,4,16.51,0.0,5.7162,0.6556,0.5128,0.625,0.5634,90,0
DIA,DeepSeek,deepseek-ai/deepseek-llm-67b-chat,Large,27182,Text,Few-shot-rag,8,16.51,0.0,7.9926,0.7111,0.561,0.7419,0.6389,90,0
DIA,DeepSeek,deepseek-ai/deepseek-llm-67b-chat,Large,11235,Text,Few-shot-rag,8,16.51,0.0,7.9474,0.6,0.4524,0.5938,0.5135,90,0
DIA,DeepSeek,deepseek-ai/deepseek-llm-67b-chat,Large,16180,Text,Few-shot-rag,8,16.51,0.0,7.9974,0.6444,0.5,0.5938,0.5429,90,0
